Sequence Name	mcg	gvh	alm	mit	erl	pox	vac	nuc	class
ADT1_YEAST	0.58	0.61	0.47	0.13	0.5	0	0.48	0.22	MIT
ACE1_YEAST	0.43	0.39	0.54	0.21	0.5	0	0.53	0.27	NUC
C1TC_YEAST	0.45	0.4	0.5	0.16	0.5	0	0.5	0.22	CYT
ADR1_YEAST	0.53	0.54	0.43	0.1	0.5	0	0.57	0.32	NUC
ALG1_YEAST	0.86	0.68	0.39	0.24	0.5	0	0.54	0.22	ME2
ADB2_YEAST	0.48	0.39	0.51	0.21	0.5	0	0.52	0.28	CYT
ARGD_YEAST	0.43	0.35	0.52	0.52	0.5	0	0.54	0.22	MIT
AST1_YEAST	0.48	0.42	0.52	0.24	0.5	0	0.56	0.22	CYT
ATPG_YEAST	0.48	0.45	0.55	0.5	0.5	0	0.53	0.22	MIT
BCK2_YEAST	0.36	0.46	0.62	0.46	0.5	0	0.51	0.33	CYT
BOS1_YEAST	0.36	0.58	0.35	0.24	0.5	0	0.44	0.22	ME3
CACP_YEAST	0.45	0.41	0.5	0.46	0.5	0.5	0.5	0.27	POX
NC5R_YEAST	0.64	0.62	0.29	0.28	0.5	0	0.51	0.22	MIT
CC10_YEAST	0.5	0.64	0.57	0.15	0.5	0	0.47	0.22	CYT
IF4E_YEAST	0.39	0.47	0.56	0.16	0.5	0	0.47	0.22	CYT
YB52_YEAST	0.58	0.5	0.5	0.12	0.5	0	0.48	0.25	NUC
RLUB_YEAST	0.4	0.42	0.71	0.21	0.5	0	0.54	0.32	CYT
CIK1_YEAST	0.31	0.44	0.53	0.23	0.5	0	0.51	0.32	NUC
CLC1_YEAST	0.24	0.34	0.69	0.18	0.5	0	0.52	0.22	CYT
CALX_YEAST	0.75	0.7	0.38	0.27	0.5	0	0.49	0.22	ME1
COXZ_YEAST	0.57	0.57	0.44	0.37	0.5	0	0.52	0.25	MIT
COX7_YEAST	0.37	0.58	0.44	0.51	0.5	0	0.44	0.22	MIT
CBPS_YEAST	0.7	0.65	0.54	0.28	0.5	0	0.6	0.4	VAC
CB33_YEAST	0.41	0.45	0.53	0.17	0.5	0	0.51	0.25	NUC
CYC2_YEAST	0.4	0.56	0.48	0.14	0.5	0	0.47	0.22	MIT
MASZ_YEAST	0.44	0.53	0.52	0.23	0.5	0.83	0.51	0.22	POX
DED1_YEAST	0.36	0.24	0.49	0.16	0.5	0	0.51	0.22	NUC
SYDC_YEAST	0.46	0.35	0.53	0.16	0.5	0	0.51	0.29	CYT
ATN2_YEAST	0.36	0.49	0.3	0.22	0.5	0	0.52	0.31	ME3
CP51_YEAST	0.57	0.59	0.44	0.16	0.5	0	0.52	0.22	ME2
FDFT_YEAST	0.53	0.68	0.42	0.19	0.5	0	0.53	0.22	ME3
COAC_YEAST	0.25	0.4	0.51	0.18	0.5	0	0.5	0.27	CYT
THIK_YEAST	0.46	0.48	0.44	0.21	0.5	0	0.55	0.22	POX
FU34_YEAST	0.37	0.34	0.32	0.22	0.5	0	0.56	0.22	ME3
GAL2_YEAST	0.44	0.51	0.37	0.15	0.5	0	0.51	0.22	ME3
E2BD_YEAST	0.42	0.39	0.47	0.13	0.5	0	0.5	0.27	CYT
GCR3_YEAST	0.17	0.38	0.45	0.09	0.5	0	0.54	0.27	NUC
PP12_YEAST	0.49	0.47	0.52	0.16	0.5	0	0.53	0.28	CYT
GPDA_YEAST	0.44	0.51	0.48	0.38	0.5	0	0.52	0.22	CYT
GPDM_YEAST	0.69	0.5	0.49	0.42	0.5	0	0.49	0.22	MIT
DCUP_YEAST	0.48	0.34	0.47	0.14	0.5	0	0.47	0.26	CYT
HIP1_YEAST	0.48	0.46	0.38	0.29	0.5	0	0.53	0.22	ME3
HO_YEAST	0.53	0.53	0.53	0.17	0.5	0	0.49	0.37	NUC
HS26_YEAST	0.44	0.41	0.58	0.2	0.5	0	0.57	0.25	CYT
HXKA_YEAST	0.41	0.3	0.49	0.28	0.5	0	0.54	0.22	CYT
ACEA_YEAST	0.52	0.5	0.53	0.1	0.5	0	0.48	0.22	POX
IME1_YEAST	0.54	0.45	0.62	0.13	0.5	0	0.52	0.26	NUC
IRE1_YEAST	0.89	0.81	0.36	0.71	0.5	0	0.55	0.63	ME1
YJ36_YEAST	0.32	0.36	0.34	0.19	0.5	0	0.55	0.26	ME3
KEM1_YEAST	0.59	0.53	0.47	0.26	0.5	0	0.53	0.31	NUC
KIP1_YEAST	0.43	0.52	0.53	0.52	1	0	0.49	0.22	CYT
KSS1_YEAST	0.52	0.48	0.54	0.28	0.5	0	0.54	0.22	NUC
ODP2_YEAST	0.48	0.57	0.52	0.61	0.5	0	0.51	0.22	MIT
DLDH_YEAST	0.48	0.48	0.5	0.47	0.5	0	0.55	0.22	MIT
MAK3_YEAST	0.5	0.34	0.62	0.19	0.5	0	0.57	0.22	CYT
MAS6_YEAST	0.41	0.41	0.51	0.19	0.5	0	0.57	0.22	MIT
MDL1_YEAST	0.51	0.47	0.41	0.44	0.5	0	0.5	0.22	ME3
MER1_YEAST	0.55	0.49	0.45	0.18	0.5	0	0.49	0.22	NUC
MFA4_YEAST	0.79	0.74	0.49	0.33	0.5	0	0.48	0.22	EXC
MLH1_YEAST	0.66	0.54	0.49	0.16	0.5	0	0.54	0.36	NUC
MR11_YEAST	0.39	0.3	0.56	0.12	0.5	0	0.53	0.38	NUC
RT08_YEAST	0.45	0.38	0.64	0.14	0.5	0	0.54	0.22	MIT
RM37_YEAST	0.56	0.5	0.61	0.49	0.5	0	0.46	0.28	MIT
MRS1_YEAST	0.61	0.46	0.51	0.37	0.5	0	0.51	0.22	MIT
MSH4_YEAST	0.49	0.46	0.42	0.46	0.5	0	0.55	0.22	NUC
MS18_YEAST	0.63	0.47	0.56	0.12	0.5	0	0.5	0.22	MIT
MYS4_YEAST	0.43	0.4	0.5	0.18	0.5	0	0.5	0.28	CYT
SYLM_YEAST	0.6	0.51	0.52	0.45	0.5	0	0.5	0.27	MIT
NFS1_YEAST	0.48	0.54	0.53	0.6	0.5	0	0.53	0.31	NUC
FBRL_YEAST	0.35	0.44	0.54	0.26	0.5	0	0.52	0.26	NUC
NUF1_YEAST	0.51	0.34	0.49	0.16	0.5	0	0.53	0.21	NUC
ATP9_YEAST	0.78	0.65	0.4	0.16	0.5	0	0.63	0.22	MIT
YDA2_YEAST	0.49	0.27	0.57	0.18	0.5	0.83	0.54	0.22	POX
ATC2_YEAST	0.53	0.51	0.36	0.13	0.5	0	0.52	0.22	ME3
PDR1_YEAST	0.33	0.38	0.45	0.19	0.5	0	0.54	0.37	NUC
PEP8_YEAST	0.4	0.36	0.55	0.15	0.5	0	0.53	0.22	VAC
PT94_YEAST	0.59	0.58	0.47	0.61	0.5	0	0.44	0.3	MIT
PGM2_YEAST	0.28	0.36	0.55	0.15	0.5	0	0.57	0.22	CYT
PH84_YEAST	0.38	0.45	0.37	0.19	0.5	0	0.52	0.3	ME3
PIS_YEAST	0.47	0.61	0.5	0.23	0.5	0	0.49	0.22	ME3
PMS1_YEAST	0.38	0.48	0.51	0.13	0.5	0	0.5	0.32	NUC
P152_YEAST	0.41	0.53	0.41	0.15	0.5	0	0.54	0.25	NUC
PRTD_YEAST	0.63	0.55	0.53	0.51	0.5	0	0.55	0.22	VAC
PROC_YEAST	0.77	0.57	0.45	0.17	0.5	0	0.53	0.22	CYT
PR04_YEAST	0.34	0.35	0.58	0.2	0.5	0	0.46	0.32	NUC
DPSD_YEAST	0.51	0.46	0.4	0.65	0.5	0	0.49	0.22	MIT
PUT2_YEAST	0.45	0.53	0.51	0.42	0.5	0	0.52	0.22	MIT
UCR8_YEAST	0.38	0.31	0.59	0.19	0.5	0	0.46	0.22	MIT
RAD3_YEAST	0.52	0.5	0.51	0.2	0.5	0	0.51	0.22	NUC
RAD7_YEAST	0.49	0.49	0.51	0.29	0.5	0	0.52	0.71	NUC
REB1_YEAST	0.58	0.31	0.6	0.12	0.5	0	0.47	0.33	NUC
RFC2_YEAST	0.47	0.47	0.54	0.19	0.5	0	0.51	0.33	NUC
UCRI_YEAST	0.47	0.53	0.48	0.51	0.5	0	0.54	0.22	MIT
R13A_YEAST	0.54	0.55	0.56	0.14	0.5	0	0.5	0.25	CYT
RPA1_YEAST	0.56	0.49	0.54	0.15	0.5	0	0.5	0.35	NUC
RPB8_YEAST	0.44	0.5	0.55	0.24	0.5	0	0.48	0.22	NUC
RPD3_YEAST	0.37	0.3	0.51	0.15	0.5	0	0.58	0.26	NUC
RL1A_YEAST	0.61	0.48	0.56	0.19	0.5	0	0.53	0.31	CYT
RL3A_YEAST	0.43	0.33	0.67	0.12	0.5	0	0.45	0.23	CYT
RL41_YEAST	0.35	0.21	1	0.8	0.5	0	0.13	0.01	CYT
RLA4_YEAST	0.78	0.82	0.56	0.21	0.5	0	0.69	0.22	CYT
RS15_YEAST	0.48	0.41	0.52	0.33	0.5	0	0.51	0.26	CYT
RS3_YEAST	0.51	0.52	0.58	0.17	0.5	0	0.47	0.28	CYT
RTG1_YEAST	0.41	0.46	0.58	0.08	0.5	0	0.51	0.28	NUC
PRCI_YEAST	0.56	0.42	0.52	0.14	0.5	0	0.51	0.22	CYT
SC11_YEAST	0.85	0.66	0.49	0.18	0.5	0	0.51	0.22	ME1
SC22_YEAST	0.56	0.49	0.32	0.22	0.5	0	0.5	0.22	ME2
SC66_YEAST	0.39	0.71	0.38	0.14	0.5	0	0.5	0.22	ME2
SEN2_YEAST	0.48	0.5	0.47	0.29	0.5	0	0.46	0.27	NUC
SIC1_YEAST	0.42	0.43	0.67	0.7	0.5	0	0.42	0.25	CYT
SIS2_YEAST	0.37	0.47	0.49	0.12	0.5	0	0.47	0.31	NUC
SLY1_YEAST	0.64	0.31	0.53	0.15	0.5	0	0.53	0.31	CYT
SNC2_YEAST	0.25	0.35	0.22	0.18	0.5	0	0.46	0.22	ME3
SNQ2_YEAST	0.45	0.57	0.38	0.28	0.5	0	0.53	0.31	ME3
SPK1_YEAST	0.44	0.43	0.46	0.28	0.5	0	0.45	0.29	NUC
SP21_YEAST	0.44	0.59	0.54	0.18	0.5	0	0.49	0.22	NUC
SRB5_YEAST	0.6	0.62	0.54	0.11	0.5	0	0.51	0.22	NUC
SR72_YEAST	0.56	0.52	0.46	0.17	0.5	0	0.49	0.73	CYT
SSD1_YEAST	0.45	0.45	0.51	0.3	0.5	0	0.48	0.44	CYT
DAP1_YEAST	0.32	0.36	0.28	0.38	0.5	0	0.5	0.4	ME3
STF2_YEAST	0.28	0.18	0.72	0.26	0.5	0	0.49	0.25	MIT
SUG1_YEAST	0.58	0.37	0.58	0.16	0.5	0	0.51	0.22	NUC
ADR6_YEAST	0.48	0.17	0.37	0.33	0.5	0	0.44	0.36	NUC
RL3_YEAST	0.48	0.44	0.46	0.37	0.5	0	0.46	0.36	CYT
TF3B_YEAST	0.49	0.51	0.52	0.13	0.5	0	0.51	0.33	NUC
TF3A_YEAST	0.41	0.59	0.65	0.14	0.5	0	0.49	0.33	NUC
IF41_YEAST	0.32	0.32	0.52	0.18	0.5	0	0.48	0.34	CYT
TKT2_YEAST	0.55	0.69	0.51	0.12	0.5	0	0.51	0.22	CYT
KAPB_YEAST	0.49	0.46	0.54	0.18	0.5	0	0.35	0.22	CYT
TRM1_YEAST	0.53	0.45	0.52	0.29	0.5	0	0.55	0.38	MIT
GLRX_YEAST	0.52	0.5	0.6	0.2	0.5	0	0.52	0.22	CYT
UBC4_YEAST	0.47	0.46	0.49	0.27	0.5	0	0.59	0.22	CYT
UGA4_YEAST	0.42	0.51	0.33	0.16	0.5	0	0.54	0.22	ME3
YEU2_YEAST	0.55	0.49	0.6	0.18	0.5	0	0.51	0.22	NUC
VATX_YEAST	0.48	0.58	0.58	0.12	0.5	0	0.49	0.22	VAC
SLP1_YEAST	0.56	0.68	0.42	0.36	0.5	0	0.49	0.22	CYT
YAC2_YEAST	0.49	0.53	0.36	0.15	0.5	0	0.52	0.27	ME3
AP54_YEAST	0.33	0.49	0.46	0.22	0.5	0	0.53	0.33	ME3
YBT6_YEAST	0.54	0.44	0.38	0.22	0.5	0	0.54	0.3	ME3
YB91_YEAST	0.43	0.6	0.4	0.12	0.5	0	0.49	0.29	ME3
YCH0_YEAST	0.55	0.35	0.36	0.29	0.5	0	0.51	0.22	ME3
YCX9_YEAST	0.71	0.64	0.42	0.28	0.5	0	0.43	0.22	EXC
YGP1_YEAST	0.8	0.79	0.43	0.25	0.5	0	0.52	0.22	EXC
YHI7_YEAST	0.29	0.26	0.43	0.17	0.5	0	0.55	0.3	ME3
YHU2_YEAST	0.6	0.68	0.3	0.27	0.5	0	0.55	0.22	ME3
YIR3_YEAST	0.85	0.85	0.3	0.31	0.5	0	0.55	0.42	ME1
YKN4_YEAST	0.46	0.62	0.46	0.54	0.5	0	0.51	0.27	MIT
YME1_YEAST	0.63	0.57	0.5	0.48	0.5	0	0.51	0.22	MIT
ZIP1_YEAST	0.47	0.43	0.61	0.4	0.5	0	0.48	0.47	NUC
ADT3_YEAST	0.64	0.62	0.49	0.15	0.5	0	0.53	0.22	MIT
ACH1_YEAST	0.4	0.42	0.57	0.35	0.5	0	0.53	0.25	CYT
PUR3_YEAST	0.73	0.63	0.42	0.3	0.5	0	0.49	0.22	CYT
AFR1_YEAST	0.38	0.61	0.61	0.12	0.5	0	0.53	0.47	CYT
GPT_YEAST	0.79	0.57	0.41	0.28	0.5	0	0.59	0.22	ME2
APN1_YEAST	0.45	0.46	0.55	0.43	0.5	0	0.55	0.38	NUC
ARG2_YEAST	0.48	0.43	0.51	0.32	0.5	0	0.52	0.43	NUC
ATM1_YEAST	0.6	0.5	0.44	0.61	0.5	0	0.47	0.22	MIT
ATPO_YEAST	0.51	0.54	0.6	0.57	0.5	0	0.58	0.22	MIT
KAPR_YEAST	0.4	0.45	0.56	0.2	0.5	0	0.45	0.22	CYT
BUD5_YEAST	0.47	0.52	0.5	0.4	0.5	0	0.41	0.22	CYT
CBF1_YEAST	0.3	0.32	0.57	0.19	0.5	0	0.48	0.55	NUC
CBS2_YEAST	0.67	0.62	0.54	0.43	0.5	0	0.53	0.22	MIT
CC12_YEAST	0.6	0.5	0.57	0.25	0.5	0	0.41	0.26	CYT
NOT2_YEAST	0.64	0.6	0.57	0.19	0.5	0	0.43	0.22	NUC
CC6_YEAST	0.41	0.39	0.44	0.34	0.5	0	0.48	0.4	NUC
CLH_YEAST	0.54	0.49	0.49	0.2	0.5	0	0.52	0.22	CYT
CIN4_YEAST	0.66	0.45	0.5	0.23	0.5	0	0.49	0.22	CYT
CG12_YEAST	0.54	0.38	0.52	0.18	0.5	0	0.48	0.22	CYT
COFI_YEAST	0.44	0.42	0.6	0.21	0.5	0	0.57	0.22	CYT
COXE_YEAST	0.49	0.46	0.45	0.45	0.5	0	0.52	0.22	MIT
COX9_YEAST	0.67	0.68	0.46	0.29	0.5	0	0.46	0.22	MIT
CRM1_YEAST	0.56	0.52	0.48	0.17	0.5	0	0.46	0.22	NUC
CTR1_YEAST	0.36	0.37	0.33	0.14	0.5	0	0.57	0.31	ME3
CYC7_YEAST	0.42	0.57	0.72	0.22	0.5	0	0.57	0.22	MIT
DA81_YEAST	0.39	0.28	0.46	0.12	0.5	0	0.41	0.22	NUC
DYR_YEAST	0.8	0.46	0.5	0.15	0.5	0	0.53	0.22	CYT
ATC4_YEAST	0.51	0.55	0.35	0.16	0.5	0	0.51	0.47	ME3
END3_YEAST	0.55	0.46	0.53	0.11	0.5	0	0.52	0.48	CYT
ERG2_YEAST	0.92	0.61	0.4	0.22	0.5	0	0.54	0.22	ME2
ESP1_YEAST	0.55	0.46	0.46	0.31	0.5	0	0.58	0.48	NUC
F16P_YEAST	0.58	0.6	0.51	0.24	0.5	0	0.53	0.22	CYT
FKB2_YEAST	0.74	0.72	0.47	0.25	0.5	0	0.57	0.22	ME1
FUR4_YEAST	0.35	0.56	0.36	0.3	0.5	0	0.53	0.25	ME3
GAL7_YEAST	0.5	0.5	0.48	0.17	0.5	0	0.47	0.26	CYT
E2BB_YEAST	0.59	0.65	0.52	0.3	0.5	0	0.46	0.31	CYT
GCY_YEAST	0.6	0.4	0.59	0.18	0.5	0	0.48	0.22	CYT
GLNA_YEAST	0.44	0.34	0.55	0.18	0.5	0	0.52	0.22	CYT
PMGY_YEAST	0.55	0.41	0.56	0.21	0.5	0	0.52	0.22	CYT
CYP1_YEAST	0.6	0.48	0.44	0.52	0.5	0	0.54	0.63	NUC
HEMZ_YEAST	0.47	0.45	0.53	0.62	0.5	0	0.46	0.22	MIT
HIR2_YEAST	0.61	0.57	0.45	0.21	0.5	0	0.5	0.42	NUC
HPR1_YEAST	0.5	0.45	0.49	0.15	0.5	0	0.55	0.43	NUC
HS60_YEAST	0.45	0.56	0.51	0.64	0.5	0	0.54	0.22	MIT
HXT1_YEAST	0.3	0.5	0.34	0.26	0.5	0	0.51	0.22	ME3
IDH2_YEAST	0.45	0.54	0.54	0.62	0.5	0	0.53	0.22	MIT
IMP2_YEAST	0.35	0.49	0.47	0.22	0.5	0	0.5	0.28	MIT
ISP6_YEAST	0.59	0.57	0.46	0.14	0.5	0	0.52	0.22	MIT
YJ49_YEAST	0.7	0.73	0.37	0.37	0.5	0	0.48	0.31	ME1
KEX2_YEAST	0.7	0.73	0.38	0.36	0.5	0	0.54	0.22	ME1
SMI1_YEAST	0.43	0.32	0.56	0.27	0.5	0	0.47	0.27	NUC
KTR2_YEAST	0.76	0.74	0.56	0.34	0.5	0	0.51	0.3	ME2
LCB2_YEAST	0.36	0.34	0.46	0.19	0.5	0	0.52	0.22	ME2
LYS1_YEAST	0.5	0.45	0.48	0.17	0.5	0	0.5	0.26	CYT
MA3S_YEAST	0.39	0.37	0.56	0.15	0.5	0	0.5	0.27	CYT
MBP1_YEAST	0.5	0.49	0.52	0.2	0.5	0	0.43	0.52	NUC
MDM1_YEAST	0.49	0.44	0.45	0.22	0.5	0	0.51	0.22	CYT
SYMC_YEAST	0.57	0.44	0.42	0.2	0.5	0	0.54	0.22	CYT
MGM1_YEAST	0.66	0.52	0.52	0.44	0.5	0	0.56	0.27	MIT
MASY_YEAST	0.42	0.5	0.53	0.22	0.5	0.83	0.5	0.22	POX
RT01_YEAST	0.36	0.4	0.53	0.48	0.5	0	0.48	0.22	MIT
RM16_YEAST	0.53	0.42	0.58	0.29	0.5	0	0.5	0.22	MIT
RM04_YEAST	0.36	0.38	0.56	0.44	0.5	0	0.48	0.22	MIT
MRS3_YEAST	0.54	0.64	0.5	0.13	0.5	0	0.49	0.22	MIT
SYMM_YEAST	0.51	0.48	0.51	0.43	0.5	0	0.49	0.22	MIT
SYTM_YEAST	0.41	0.47	0.58	0.62	0.5	0	0.5	0.22	MIT
YN46_YEAST	0.58	0.56	0.52	0.25	0.5	0	0.57	0.35	NUC
NAM9_YEAST	0.37	0.51	0.57	0.4	0.5	0	0.48	0.27	MIT
NHP2_YEAST	0.36	0.44	0.51	0.17	0.5	0	0.6	0.19	NUC
NOP4_YEAST	0.33	0.48	0.55	0.16	0.5	0	0.53	0.75	NUC
NUP1_YEAST	0.45	0.41	0.58	0.48	0.5	0	0.53	0.64	NUC
OM45_YEAST	0.75	0.66	0.64	0.39	0.5	0	0.46	0.32	MIT
PAN1_YEAST	0.69	0.39	0.52	0.12	0.5	0	0.38	0.35	CYT
ODPB_YEAST	0.49	0.52	0.53	0.7	0.5	0	0.51	0.22	MIT
PDR5_YEAST	0.41	0.48	0.38	0.13	0.5	0	0.51	0.35	ME3
PT11_YEAST	0.5	0.32	0.49	0.49	0.5	0	0.48	0.32	MIT
K6P1_YEAST	0.57	0.49	0.5	0.2	0.5	0	0.51	0.28	CYT
PPAB_YEAST	0.74	0.72	0.5	0.28	0.5	0	0.5	0.27	EXC
YCS7_YEAST	0.31	0.3	0.34	0.19	0.5	0	0.55	0.3	ME3
ATH1_YEAST	0.49	0.6	0.3	0.34	0.5	0	0.5	0.43	ME3
PMT2_YEAST	0.27	0.49	0.36	0.26	0.5	0	0.49	0.26	ME3
CAO_YEAST	0.46	0.37	0.48	0.36	0.5	0	0.48	0.22	POX
PRCE_YEAST	0.46	0.62	0.54	0.25	0.5	0	0.46	0.22	CYT
PR18_YEAST	0.33	0.39	0.52	0.09	0.5	0	0.47	0.28	NUC
PR06_YEAST	0.49	0.45	0.57	0.24	0.5	0	0.47	0.38	NUC
PTM1_YEAST	0.81	0.55	0.35	0.34	0.5	0	0.51	0.22	ME2
PUT4_YEAST	0.58	0.53	0.33	0.26	0.5	0	0.51	0.22	ME3
RAD1_YEAST	0.24	0.41	0.47	0.16	0.5	0	0.51	0.38	NUC
RAD5_YEAST	0.36	0.48	0.5	0.13	0.5	0	0.49	0.6	NUC
SRS2_YEAST	0.51	0.61	0.5	0.23	0.5	0	0.52	0.61	NUC
R104_YEAST	0.44	0.33	0.55	0.16	0.5	0	0.49	0.22	NUC
RFC4_YEAST	0.55	0.45	0.58	0.25	0.5	0	0.49	0.22	NUC
RNA1_YEAST	0.45	0.52	0.5	0.12	0.5	0	0.6	0.22	CYT
RL18_YEAST	0.45	0.5	0.57	0.29	0.5	0	0.44	0.11	CYT
RPBX_YEAST	0.57	0.49	0.61	0.26	0.5	0	0.52	0.22	NUC
RPCX_YEAST	0.5	0.56	0.63	0.25	0.5	0	0.42	0.22	NUC
RL15_YEAST	0.46	0.35	0.69	0.18	0.5	0	0.3	0.25	CYT
R16B_YEAST	0.36	0.56	0.52	0.18	0.5	0	0.45	0.16	CYT
RL3E_YEAST	0.58	0.44	0.5	0.26	0.5	0	0.52	0.22	CYT
RL4B_YEAST	0.56	0.35	0.47	0.35	0.5	0	0.52	0.22	CYT
RPB1_YEAST	0.44	0.62	0.53	0.27	0.5	0	0.49	0.22	NUC
RS22_YEAST	0.46	0.39	0.54	0.22	0.5	0	0.48	0.25	CYT
RS33_YEAST	0.5	0.5	0.62	0.23	0.5	0	0.35	0.11	CYT
R167_YEAST	0.37	0.37	0.51	0.38	0.5	0	0.44	0.22	CYT
SCO1_YEAST	0.52	0.54	0.47	0.49	0.5	0	0.54	0.22	MIT
SC13_YEAST	0.49	0.38	0.56	0.09	0.5	0	0.46	0.22	CYT
SEC4_YEAST	0.44	0.51	0.53	0.3	0.5	0	0.53	0.22	CYT
SC72_YEAST	0.59	0.55	0.57	0.18	0.5	0	0.51	0.22	CYT
SFL1_YEAST	0.49	0.49	0.52	0.18	0.5	0	0.51	0.25	NUC
SIN3_YEAST	0.4	0.49	0.53	0.23	0.5	0	0.44	0.26	NUC
SKN1_YEAST	0.38	0.42	0.31	0.35	0.5	0	0.52	0.22	ME3
SMC1_YEAST	0.47	0.56	0.51	0.2	0.5	0	0.52	0.59	NUC
SNF2_YEAST	0.33	0.47	0.55	0.24	0.5	0	0.45	0.67	NUC
SODM_YEAST	0.54	0.47	0.58	0.4	0.5	0	0.46	0.27	MIT
SPR1_YEAST	0.66	0.65	0.54	0.4	0.5	0	0.51	0.22	EXC
SPT3_YEAST	0.59	0.49	0.45	0.22	0.5	0	0.45	0.31	NUC
SCA1_YEAST	0.47	0.32	0.51	0.24	0.5	0	0.54	0.27	NUC
HS71_YEAST	0.53	0.48	0.51	0.18	0.5	0	0.52	0.27	CYT
SSN6_YEAST	0.19	0.66	0.6	0.14	0.5	0	0.2	0.25	NUC
GBG_YEAST	0.36	0.37	0.63	0.25	0.5	0	0.3	0.22	CYT
STL1_YEAST	0.36	0.5	0.39	0.23	0.5	0	0.5	0.22	ME3
IF2A_YEAST	0.51	0.59	0.55	0.21	0.5	0	0.52	0.22	CYT
SWI4_YEAST	0.55	0.38	0.52	0.16	0.5	0	0.49	0.64	NUC
TCPE_YEAST	0.62	0.42	0.47	0.16	0.5	0	0.52	0.22	CYT
EF1A_YEAST	0.63	0.43	0.48	0.11	0.5	0	0.51	0.22	CYT
TFC4_YEAST	0.33	0.17	0.52	0.13	0.5	0	0.51	0.75	NUC
IF5_YEAST	0.41	0.46	0.57	0.25	0.5	0	0.57	0.38	CYT
TOA1_YEAST	0.57	0.29	0.63	0.22	0.5	0	0.49	0.27	NUC
TPM1_YEAST	0.42	0.45	0.75	0.21	0.5	0	0.48	0.22	CYT
TRPE_YEAST	0.33	0.46	0.53	0.12	0.5	0	0.5	0.27	CYT
TBB_YEAST	0.53	0.42	0.53	0.19	0.5	0	0.47	0.22	CYT
UBC6_YEAST	0.43	0.48	0.36	0.26	0.5	0	0.52	0.22	ME3
UME6_YEAST	0.6	0.57	0.63	0.22	0.5	0	0.5	0.49	NUC
RMAR_YEAST	0.66	0.37	0.6	0.25	0.5	0	0.69	0.22	MIT
VATD_YEAST	0.48	0.49	0.49	0.26	0.5	0	0.39	0.27	VAC
VP45_YEAST	0.46	0.52	0.51	0.13	0.5	0	0.47	0.22	CYT
YAF1_YEAST	0.45	0.51	0.43	0.22	0.5	0	0.57	0.22	NUC
CACM_YEAST	0.45	0.39	0.46	0.29	0.5	0	0.42	0.22	MIT
YB00_YEAST	0.25	0.41	0.47	0.14	0.5	0	0.56	0.68	NUC
YB8G_YEAST	0.65	0.62	0.26	0.33	0.5	0	0.55	0.22	ME3
YCQ7_YEAST	0.67	0.61	0.39	0.24	0.5	0	0.51	0.22	ME3
YCZ6_YEAST	0.58	0.44	0.45	0.32	0.5	0	0.52	0.37	NUC
YHA9_YEAST	0.47	0.4	0.63	0.19	0.5	0	0.52	0.32	NUC
YHK5_YEAST	0.92	0.66	0.52	0.23	0.5	0	0.53	0.22	ME1
YHY0_YEAST	0.82	0.63	0.47	0.18	0.5	0	0.5	0.22	POX
YKA5_YEAST	0.41	0.25	0.59	0.44	0.5	0	0.6	0.69	NUC
ACP_YEAST	0.52	0.53	0.58	0.69	0.5	0	0.5	0.22	MIT
YOX1_YEAST	0.59	0.67	0.54	0.19	0.5	0	0.48	0.6	NUC
ZUO1_YEAST	0.43	0.4	0.6	0.16	0.5	0	0.53	0.39	NUC
AAR2_YEAST	0.58	0.44	0.57	0.13	0.5	0	0.54	0.22	NUC
ACON_YEAST	0.6	0.4	0.52	0.46	0.5	0	0.53	0.22	MIT
ADH1_YEAST	0.43	0.53	0.52	0.13	0.5	0	0.55	0.22	CYT
RCS1_YEAST	0.33	0.55	0.51	0.43	0.5	0	0.51	0.22	NUC
ALG8_YEAST	0.41	0.54	0.39	0.2	0.5	0	0.51	0.22	ME3
ARD1_YEAST	0.56	0.48	0.58	0.27	0.5	0	0.51	0.22	CYT
ARG3_YEAST	0.41	0.46	0.59	0.19	0.5	0	0.58	0.27	NUC
ATPA_YEAST	0.45	0.55	0.54	0.66	0.5	0	0.47	0.22	MIT
ATP7_YEAST	0.54	0.52	0.63	0.37	0.5	0	0.46	0.22	MIT
BDF1_YEAST	0.33	0.43	0.64	0.16	0.5	0	0.52	0.52	NUC
CAD1_YEAST	0.48	0.23	0.57	0.27	0.5	0	0.48	0.47	NUC
CB32_YEAST	0.4	0.44	0.49	0.47	0.5	0	0.49	0.27	NUC
TNT_YEAST	0.59	0.6	0.49	0.43	0.5	0	0.53	0.31	MIT
CC16_YEAST	0.62	0.51	0.52	0.42	0.5	0	0.54	0.27	NUC
NOT1_YEAST	0.37	0.46	0.4	0.27	0.5	0	0.45	0.22	NUC
SYLC_YEAST	0.45	0.43	0.51	0.24	0.5	0	0.54	0.33	CYT
CHL1_YEAST	0.42	0.51	0.5	0.12	0.5	0	0.52	0.46	NUC
CIN8_YEAST	0.21	0.41	0.55	0.11	0.5	0	0.5	0.27	CYT
CG13_YEAST	0.43	0.57	0.53	0.53	0.5	0	0.53	0.25	CYT
COQ1_YEAST	0.52	0.51	0.51	0.54	0.5	0	0.55	0.27	MIT
YEX1_YEAST	0.42	0.58	0.41	0.65	0.5	0	0.46	0.26	MIT
CARA_YEAST	0.53	0.51	0.46	0.28	0.5	0	0.48	0.22	CYT
R141_YEAST	0.57	0.41	0.59	0.24	0.5	0	0.4	0.22	CYT
CHI1_YEAST	0.82	0.78	0.49	0.23	0.5	0	0.46	0.22	EXC
RL2A_YEAST	0.45	0.27	0.57	0.36	0.5	0	0.52	0.18	CYT
DA82_YEAST	0.56	0.43	0.54	0.16	0.5	0	0.5	0.22	NUC
DYHC_YEAST	0.6	0.56	0.47	0.2	0.5	0	0.5	0.38	NUC
DSS4_YEAST	0.56	0.52	0.55	0.19	0.5	0	0.54	0.22	CYT
ENO1_YEAST	0.45	0.56	0.54	0.32	0.5	0	0.57	0.22	CYT
FPPS_YEAST	0.55	0.56	0.45	0.14	0.5	0	0.54	0.22	CYT
EST1_YEAST	0.35	0.6	0.47	0.13	0.5	0	0.52	0.43	NUC
F26_YEAST	0.71	0.59	0.53	0.15	0.5	0	0.49	0.33	CYT
FKB3_YEAST	0.54	0.57	0.52	0.19	0.5	0	0.59	0.67	NUC
FUS1_YEAST	0.84	0.66	0.36	0.78	0.5	0	0.49	0.5	ME1
GAL8_YEAST	0.6	0.6	0.49	0.3	0.5	0	0.53	0.22	NUC
GCN1_YEAST	0.41	0.52	0.41	0.11	0.5	0	0.54	0.35	CYT
GDA1_YEAST	0.91	0.69	0.57	0.45	0.5	0	0.56	0.22	ME2
GLN3_YEAST	0.43	0.54	0.58	0.16	0.5	0	0.5	0.36	NUC
PHO2_YEAST	0.4	0.34	0.52	0.17	0.5	0	0.47	0.51	NUC
HAP2_YEAST	0.47	0.49	0.63	0.17	0.5	0	0.31	0.26	NUC
HEM2_YEAST	0.53	0.43	0.47	0.15	0.5	0	0.58	0.22	CYT
HIS7_YEAST	0.56	0.44	0.56	0.19	0.5	0	0.54	0.22	CYT
HXTY_YEAST	0.33	0.28	0.31	0.24	0.5	0	0.53	0.22	ME3
HSP7_YEAST	0.38	0.46	0.52	0.75	0.5	0	0.5	0.26	MIT
HXT2_YEAST	0.49	0.4	0.34	0.26	0.5	0	0.5	0.22	ME3
IPPI_YEAST	0.51	0.43	0.63	0.18	0.5	0	0.52	0.22	CYT
IATP_YEAST	0.47	0.63	0.66	0.45	0.5	0	0.37	0.11	MIT
ITR1_YEAST	0.49	0.41	0.32	0.21	0.5	0	0.5	0.32	ME3
YJ51_YEAST	0.81	0.76	0.32	0.37	0.5	0	0.51	0.22	ME2
ODO1_YEAST	0.54	0.51	0.54	0.52	0.5	0	0.47	0.25	MIT
KRE1_YEAST	0.84	0.87	0.45	0.54	0.5	0	0.28	0.22	ME1
KTR3_YEAST	0.58	0.76	0.4	0.37	0.5	0	0.54	0.3	ME2
LEU2_YEAST	0.51	0.43	0.47	0.19	0.5	0	0.52	0.37	CYT
LY14_YEAST	0.44	0.53	0.43	0.17	0.5	0	0.54	0.75	NUC
MA3R_YEAST	0.33	0.37	0.54	0.28	0.5	0	0.53	0.27	NUC
MCM1_YEAST	0.18	0.48	0.46	0.12	0.5	0	0	0.25	NUC
MD10_YEAST	0.32	0.47	0.55	0.25	0.5	0	0.49	0.22	MIT
MET2_YEAST	0.4	0.47	0.48	0.18	0.5	0	0.46	0.22	CYT
M101_YEAST	0.5	0.49	0.59	0.47	0.5	0	0.49	0.36	MIT
MNN1_YEAST	0.66	0.66	0.32	0.54	0.5	0	0.51	0.22	ME2
RT13_YEAST	0.51	0.42	0.56	0.38	0.5	0	0.46	0.22	MIT
RM20_YEAST	0.41	0.52	0.53	0.41	0.5	0	0.39	0.33	MIT
RM44_YEAST	0.53	0.52	0.61	0.35	0.5	0	0.5	0.22	MIT
MRS4_YEAST	0.4	0.74	0.49	0.16	0.5	0	0.51	0.22	MIT
MSN1_YEAST	0.52	0.38	0.62	0.12	0.5	0	0.41	0.28	NUC
SYWM_YEAST	0.44	0.53	0.53	0.37	0.5	0	0.51	0.22	MIT
YN70_YEAST	0.51	0.65	0.53	0.19	0.5	0	0.49	0.22	EXC
NAP1_YEAST	0.36	0.39	0.55	0.26	0.5	0	0.49	0.22	NUC
NHPA_YEAST	0.39	0.34	0.68	0.3	0.5	0	0.5	0.29	NUC
NOT3_YEAST	0.45	0.21	0.49	0.24	0.5	0	0.46	0.31	NUC
N100_YEAST	0.9	0.54	0.59	0.2	0.5	0	0.48	0.22	NUC
PORI_YEAST	0.41	0.49	0.58	0.22	0.5	0	0.52	0.22	MIT
PAP_YEAST	0.64	0.52	0.5	0.26	0.5	0	0.51	0.31	NUC
DCP1_YEAST	0.49	0.45	0.53	0.16	0.5	0	0.49	0.31	CYT
PDS1_YEAST	0.37	0.42	0.6	0.13	0.5	0	0.51	0.22	NUC
PT12_YEAST	0.45	0.53	0.47	0.43	0.5	0	0.5	0.27	MIT
K6P2_YEAST	0.62	0.43	0.49	0.29	0.5	0	0.5	0.27	CYT
PPAC_YEAST	0.74	0.72	0.5	0.28	0.5	0	0.49	0.27	EXC
PHR_YEAST	0.5	0.42	0.57	0.49	0.5	0	0.48	0.27	NUC
ATH2_YEAST	0.27	0.56	0.3	0.14	0.5	0	0.52	0.39	ME3
POB1_YEAST	0.49	0.48	0.52	0.2	0.5	0	0.55	0.22	NUC
PPA1_YEAST	0.66	0.55	0.34	0.2	0.5	0	0.62	0.22	ME3
PRCD_YEAST	0.53	0.59	0.48	0.14	0.5	0	0.51	0.22	CYT
PR19_YEAST	0.48	0.41	0.54	0.39	0.5	0	0.51	0.22	NUC
PR08_YEAST	0.4	0.28	0.48	0.06	0.5	0	0.49	0.42	NUC
PTP1_YEAST	0.53	0.45	0.53	0.18	0.5	0	0.42	0.22	CYT
PYC1_YEAST	0.46	0.43	0.5	0.24	0.5	0	0.48	0.31	CYT
RA10_YEAST	0.61	0.39	0.53	0.14	0.5	0	0.43	0.26	NUC
RA50_YEAST	0.45	0.54	0.49	0.29	0.5	0	0.49	0.25	NUC
RAM1_YEAST	0.59	0.47	0.51	0.53	0.5	0	0.53	0.26	CYT
R114_YEAST	0.44	0.45	0.53	0.19	0.5	0	0.41	0.28	NUC
RFT1_YEAST	0.4	0.66	0.34	0.21	0.5	0	0.52	0.26	NUC
RN12_YEAST	0.56	0.51	0.32	0.49	0.5	0	0.48	0.22	NUC
RS24_YEAST	0.61	0.38	0.57	0.36	0.5	0	0.44	0.21	CYT
RPBY_YEAST	0.48	0.45	0.63	0.19	0.5	0	0.58	0.22	NUC
RPC2_YEAST	0.46	0.53	0.47	0.37	0.5	0	0.51	0.36	NUC
RL15_YEAST	0.46	0.35	0.69	0.18	0.5	0	0.3	0.25	CYT
RL17_YEAST	0.37	0.44	0.64	0.48	0.5	0	0.36	0.27	CYT
RL34_YEAST	0.38	0.43	0.53	0.22	0.5	0	0.48	0.11	CYT
RL6_YEAST	0.54	0.44	0.55	0.48	0.5	0	0.47	0.22	CYT
RPC1_YEAST	0.56	0.61	0.52	0.19	0.5	0	0.52	0.32	NUC
RS21_YEAST	0.42	0.5	0.64	0.13	0.5	0	0.49	0.22	CYT
RS37_YEAST	0.41	0.49	0.65	0.28	0.5	0	0.59	0.57	CYT
RSD1_YEAST	0.57	0.5	0.4	0.08	0.5	0	0.47	0.22	ME3
S160_YEAST	0.46	0.49	0.55	0.18	0.5	0	0.56	0.22	NUC
SC14_YEAST	0.38	0.4	0.53	0.12	0.5	0	0.55	0.22	CYT
PMM_YEAST	0.54	0.51	0.56	0.15	0.5	0	0.54	0.31	CYT
SEC8_YEAST	0.48	0.51	0.5	0.24	0.5	0	0.54	0.38	CYT
SFP1_YEAST	0.54	0.59	0.57	0.34	0.5	0	0.49	0.22	NUC
SIN4_YEAST	0.45	0.65	0.51	0.17	0.5	0	0.49	0.22	NUC
SKN7_YEAST	0.46	0.56	0.56	0.25	0.5	0	0.43	0.22	NUC
SMC2_YEAST	0.4	0.75	0.44	0.12	0.5	0	0.49	0.22	NUC
SNF3_YEAST	0.37	0.4	0.38	0.18	0.5	0	0.51	0.22	ME3
SOF1_YEAST	0.36	0.32	0.55	0.27	0.5	0	0.47	0.43	NUC
SS10_YEAST	0.77	0.73	0.49	0.46	0.5	0	0.38	0.22	EXC
SPT4_YEAST	0.73	0.52	0.59	0.25	0.5	0	0.51	0.22	NUC
SRD1_YEAST	0.53	0.25	0.59	0.27	0.5	0	0.45	0.26	NUC
HS72_YEAST	0.51	0.48	0.51	0.19	0.5	0	0.51	0.27	CYT
SSO1_YEAST	0.41	0.42	0.23	0.16	0.5	0	0.4	0.22	ME3
STE2_YEAST	0.49	0.55	0.41	0.19	0.5	0	0.48	0.31	ME3
STP1_YEAST	0.48	0.54	0.56	0.29	0.5	0	0.51	0.43	NUC
IF2B_YEAST	0.41	0.35	0.6	0.22	0.5	0	0.56	0.79	CYT
SWI5_YEAST	0.41	0.39	0.61	0.17	0.5	0	0.5	0.61	NUC
TCPB_YEAST	0.5	0.45	0.52	0.18	0.5	0	0.52	0.22	CYT
EF1A_YEAST	0.63	0.43	0.48	0.11	0.5	0	0.51	0.22	CYT
DKA1_YEAST	0.42	0.5	0.59	0.17	0.5	0	0.51	0.22	CYT
IF52_YEAST	0.44	0.54	0.51	0.16	0.5	0	0.58	0.22	CYT
TOA2_YEAST	0.52	0.49	0.59	0.21	0.5	0	0.47	0.22	NUC
TPM2_YEAST	0.39	0.45	0.75	0.17	0.5	0	0.51	0.22	CYT
TRPG_YEAST	0.57	0.36	0.51	0.25	0.5	0	0.54	0.25	CYT
TBA3_YEAST	0.59	0.46	0.55	0.17	0.5	0	0.52	0.25	CYT
UBC7_YEAST	0.5	0.44	0.57	0.28	0.5	0	0.57	0.22	CYT
UNG_YEAST	0.53	0.44	0.54	0.52	0.5	0	0.49	0.38	NUC
SYV_YEAST	0.51	0.49	0.48	0.55	0.5	0	0.52	0.58	CYT
VPH1_YEAST	0.57	0.54	0.32	0.15	0.5	0	0.52	0.25	VAC
VRP1_YEAST	0.5	0.4	0.57	0.17	0.5	0	0.59	0.22	CYT
YAF3_YEAST	0.77	0.78	0.27	0.37	0.5	0	0.49	0.22	ME1
FMT_YEAST	0.59	0.56	0.5	0.48	0.5	0	0.46	0.22	MIT
YB30_YEAST	0.43	0.41	0.37	0.18	0.5	0	0.54	0.31	ME3
YB8I_YEAST	0.77	0.7	0.37	0.12	0.5	0	0.49	0.26	ME1
YCR3_YEAST	0.69	0.57	0.39	0.19	0.5	0	0.48	0.39	ME2
YD66_YEAST	0.52	0.65	0.36	0.26	0.5	0	0.44	0.22	ME3
YHB7_YEAST	0.83	0.94	0.32	0.21	0.5	0	0.51	0.22	ME1
YHK8_YEAST	0.49	0.56	0.37	0.2	0.5	0	0.53	0.22	ME3
YHY1_YEAST	0.77	0.68	0.35	0.19	0.5	0	0.53	0.43	ME1
YKA8_YEAST	0.3	0.37	0.4	0.45	0.5	0	0.48	0.41	ME3
YKW2_YEAST	0.41	0.47	0.5	0.14	0.5	0	0.53	0.37	NUC
YPT1_YEAST	0.6	0.61	0.54	0.11	0.5	0	0.46	0.22	CYT
G6PD_YEAST	0.65	0.54	0.54	0.13	0.5	0	0.53	0.22	CYT
AATM_YEAST	0.42	0.44	0.48	0.54	0.5	0	0.48	0.22	MIT
ACR1_YEAST	0.66	0.55	0.45	0.19	0.5	0	0.46	0.22	MIT
ADH2_YEAST	0.46	0.53	0.52	0.15	0.5	0	0.58	0.22	CYT
AGA1_YEAST	0.78	0.74	0.42	0.26	0.5	0	0.43	0.22	ME1
MAN1_YEAST	0.37	0.36	0.56	0.18	0.5	0	0.48	0.26	VAC
ARF1_YEAST	0.64	0.59	0.56	0.23	0.5	0	0.46	0.22	CYT
ARO1_YEAST	0.54	0.48	0.44	0.08	0.5	0	0.52	0.27	CYT
ATPY_YEAST	0.46	0.49	0.58	0.23	0.5	0	0.44	0.22	MIT
ATP8_YEAST	0.67	0.62	0.4	0.43	0.5	0.83	0.5	0.22	MIT
BEM1_YEAST	0.49	0.61	0.49	0.25	0.5	0	0.5	0.28	CYT
CAP2_YEAST	0.47	0.39	0.55	0.24	0.5	0	0.47	0.22	CYT
CBF5_YEAST	0.45	0.51	0.5	0.16	0.5	0	0.52	1	NUC
ATU1_YEAST	0.54	0.55	0.34	0.31	0.5	0	0.54	0.22	ME3
CC23_YEAST	0.35	0.58	0.54	0.16	0.5	0	0.51	0.22	NUC
CC4_YEAST	0.43	0.57	0.53	0.16	0.5	0	0.54	0.22	CYT
CC68_YEAST	0.36	0.68	0.46	0.16	0.5	0	0.53	0.28	NUC
CHL4_YEAST	0.57	0.51	0.53	0.18	0.5	0	0.56	0.25	NUC
CISY_YEAST	0.38	0.68	0.44	0.45	0.5	0	0.53	0.22	MIT
CALM_YEAST	0.48	0.64	0.61	0.23	0.5	0	0.6	0.22	CYT
COQ2_YEAST	0.63	0.56	0.45	0.58	0.5	0	0.51	0.22	MIT
COX2_YEAST	0.59	0.61	0.34	0.22	0.5	0	0.51	0.22	MIT
CARB_YEAST	0.35	0.66	0.49	0.21	0.5	0	0.54	0.25	CYT
R142_YEAST	0.56	0.41	0.58	0.21	0.5	0	0.42	0.22	CYT
CHI2_YEAST	0.82	0.75	0.54	0.23	0.5	0	0.46	0.22	EXC
CYAA_YEAST	0.2	0.26	0.52	0.14	0.5	0	0.53	0.44	CYT
DAP2_YEAST	0.36	0.68	0.38	0.08	0.5	0	0.53	0.25	VAC
DHH1_YEAST	0.41	0.24	0.54	0.26	0.5	0	0.41	0.22	NUC
TFS2_YEAST	0.61	0.3	0.59	0.12	0.5	0	0.49	0.27	NUC
ENO2_YEAST	0.45	0.56	0.53	0.32	0.5	0	0.57	0.22	CYT
ER24_YEAST	0.63	0.61	0.41	0.22	0.5	0	0.51	0.22	ME3
EUG1_YEAST	0.77	0.8	0.51	0.4	1	0	0.54	0.22	ERL
FCY2_YEAST	0.46	0.35	0.33	0.17	0.5	0	0.55	0.22	ME3
FPS1_YEAST	0.42	0.52	0.4	0.17	0.5	0	0.5	0.26	ME3
FUS3_YEAST	0.51	0.58	0.54	0.29	0.5	0	0.53	0.22	CYT
GAP1_YEAST	0.49	0.46	0.34	0.21	0.5	0	0.55	0.22	ME3
GCN2_YEAST	0.37	0.33	0.5	0.12	0.5	0	0.51	0.54	CYT
DHE4_YEAST	0.38	0.47	0.53	0.12	0.5	0	0.48	0.22	CYT
SYQ_YEAST	0.49	0.42	0.54	0.17	0.5	0	0.5	0.36	CYT
SYG_YEAST	0.4	0.48	0.5	0.17	0.5	0	0.54	0.5	CYT
HAP3_YEAST	0.28	0.51	0.55	0.11	0.5	0	0.46	0.22	NUC
HEM3_YEAST	0.46	0.45	0.56	0.16	0.5	0	0.56	0.22	CYT
HMD1_YEAST	0.51	0.63	0.3	0.35	0.5	0	0.53	0.27	ME3
YJ64_YEAST	0.85	0.85	0.3	0.31	0.5	0	0.55	0.42	ME1
HS82_YEAST	0.61	0.54	0.49	0.19	0.5	0	0.54	0.47	CYT
HXT3_YEAST	0.34	0.4	0.3	0.23	0.5	0	0.51	0.22	ME3
IDHP_YEAST	0.51	0.52	0.48	0.5	0.5	0	0.51	0.22	MIT
INO1_YEAST	0.51	0.34	0.43	0.18	0.5	0	0.48	0.25	CYT
ITR2_YEAST	0.35	0.53	0.35	0.33	0.5	0	0.5	0.32	ME3
YJ90_YEAST	0.65	0.61	0.39	0.3	0.5	0	0.57	0.28	ME3
ODO2_YEAST	0.53	0.5	0.54	0.56	0.5	0	0.49	0.41	MIT
KR11_YEAST	0.27	0.56	0.56	0.18	0.5	0	0.52	0.22	CYT
KTR4_YEAST	0.94	0.6	0.33	0.49	0.5	0	0.54	0.22	ME2
LEU3_YEAST	0.54	0.54	0.49	0.14	0.5	0	0.56	0.22	CYT
LYS2_YEAST	0.46	0.47	0.46	0.16	0.5	0	0.51	0.22	CYT
MA6T_YEAST	0.39	0.37	0.33	0.23	0.5	0	0.52	0.26	ME3
MCM2_YEAST	0.26	0.38	0.52	0.36	0.5	0	0.48	0.56	NUC
MDS1_YEAST	0.46	0.57	0.52	0.28	0.5	0	0.52	0.22	NUC
MT17_YEAST	0.34	0.54	0.54	0.13	0.5	0	0.52	0.22	CYT
MGMT_YEAST	0.54	0.52	0.54	0.2	0.5	0	0.55	0.25	NUC
MNN9_YEAST	0.74	0.56	0.35	0.36	0.5	0	0.51	0.25	ME2
RT17_YEAST	0.41	0.54	0.58	0.2	0.5	0	0.52	0.22	MIT
RM25_YEAST	0.45	0.43	0.63	0.4	0.5	0	0.59	0.11	MIT
RM06_YEAST	0.62	0.59	0.54	0.47	0.5	0	0.46	0.22	MIT
MSB2_YEAST	0.76	0.76	0.35	0.27	0.5	0	0.44	0.22	ME1
MSN2_YEAST	0.53	0.4	0.57	0.12	0.5	0	0.53	0.32	NUC
MTD1_YEAST	0.57	0.4	0.48	0.24	0.5	0	0.55	0.22	CYT
YN94_YEAST	0.81	0.79	0.32	0.37	0.5	0	0.41	0.22	ME1
NAT1_YEAST	0.5	0.36	0.53	0.41	0.5	0	0.55	0.36	CYT
NHPB_YEAST	0.11	0.41	0.67	0.13	0.5	0	0.45	0.29	NUC
NOP3_YEAST	0.44	0.34	0.61	0.13	0.5	0	0.49	0.26	NUC
N116_YEAST	0.88	0.59	0.54	0.39	0.5	0	0.41	0.3	NUC
OPI1_YEAST	0.58	0.51	0.56	0.16	0.5	0	0.34	0.22	NUC
PAS1_YEAST	0.56	0.48	0.5	0.3	0.5	0	0.51	0.22	CYT
PDC2_YEAST	0.51	0.46	0.57	0.25	0.5	0	0.53	0.22	CYT
ODPX_YEAST	0.45	0.58	0.59	0.44	0.5	0	0.56	0.22	MIT
PT17_YEAST	0.75	0.6	0.43	0.35	0.5	0	0.45	0.27	MIT
6P2K_YEAST	0.45	0.41	0.49	0.14	1	0	0.53	0.3	CYT
PNPP_YEAST	0.38	0.62	0.52	0.14	0.5	0	0.53	0.22	CYT
PIF1_YEAST	0.59	0.61	0.51	0.62	0.5	0	0.51	0.38	MIT
ATC3_YEAST	0.4	0.39	0.33	0.17	0.5	0	0.51	0.31	VAC
DPOA_YEAST	0.36	0.39	0.54	0.16	0.5	0	0.5	0.28	NUC
IPY2_YEAST	0.42	0.65	0.58	0.34	0.5	0	0.5	0.22	MIT
PRCH_YEAST	0.42	0.53	0.57	0.17	0.5	0	0.49	0.22	CYT
PR02_YEAST	0.3	0.3	0.46	0.32	0.5	0	0.45	0.22	NUC
PR09_YEAST	0.51	0.39	0.56	0.25	0.5	0	0.51	0.33	NUC
PTP2_YEAST	0.45	0.27	0.5	0.33	0.5	0	0.53	0.26	CYT
PYC2_YEAST	0.43	0.46	0.5	0.21	0.5	0	0.49	0.34	CYT
RA14_YEAST	0.39	0.16	0.59	0.08	0.5	0	0.51	0.27	NUC
RA51_YEAST	0.55	0.59	0.53	0.15	0.5	0	0.49	0.22	NUC
RAM2_YEAST	0.4	0.6	0.5	0.16	0.5	0	0.51	0.22	CYT
RED1_YEAST	0.57	0.55	0.52	0.16	0.5	0	0.49	0.39	NUC
RGM1_YEAST	0.42	0.21	0.59	0.3	0.5	0	0.47	0.27	NUC
RN14_YEAST	0.37	0.58	0.5	0.22	0.5	0	0.47	0.22	NUC
RS24_YEAST	0.61	0.38	0.57	0.36	0.5	0	0.44	0.21	CYT
RPB2_YEAST	0.34	0.48	0.47	0.19	0.5	0	0.5	0.3	NUC
RPC9_YEAST	0.31	0.6	0.65	0.18	0.5	0	0.46	0.22	NUC
R14A_YEAST	0.57	0.43	0.52	0.3	0.5	0	0.37	0.11	CYT
RL19_YEAST	0.72	0.37	0.63	0.38	0.5	0	0.4	0.14	CYT
R37A_YEAST	0.4	0.45	0.61	0.29	0.5	0	0.44	0.22	CYT
RL71_YEAST	0.35	0.39	0.56	0.2	0.5	0	0.49	0.41	CYT
RPOM_YEAST	0.47	0.56	0.46	0.5	0.5	0	0.51	0.22	MIT
R26A_YEAST	0.46	0.54	0.59	0.41	0.5	0	0.53	0.21	CYT
RS4E_YEAST	0.53	0.57	0.6	0.36	0.5	0	0.5	0.22	CYT
FIMB_YEAST	0.51	0.4	0.5	0.28	0.5	0	0.48	0.27	CYT
DHSA_YEAST	0.56	0.65	0.49	0.56	0.5	0	0.49	0.22	MIT
SC15_YEAST	0.55	0.55	0.52	0.13	0.5	0	0.53	0.25	CYT
SC59_YEAST	0.51	0.51	0.32	0.27	0.5	0	0.54	0.22	ME3
SEC9_YEAST	0.39	0.3	0.63	0.2	0.5	0	0.43	0.47	CYT
AMYG_YEAST	0.7	0.78	0.53	0.24	0.5	0	0.48	0.22	VAC
SIP2_YEAST	0.42	0.42	0.55	0.31	0.5	0	0.43	0.22	NUC
SKO1_YEAST	0.47	0.55	0.57	0.17	0.5	0	0.52	0.66	NUC
SMD1_YEAST	0.48	0.55	0.58	0.18	0.5	0	0.38	0.69	NUC
SNF4_YEAST	0.43	0.47	0.47	0.18	0.5	0	0.47	0.22	CYT
SOK1_YEAST	0.46	0.41	0.45	0.23	0.5	0	0.48	0.22	NUC
SX18_YEAST	0.38	0.58	0.46	0.21	0.5	0	0.52	0.22	NUC
SPT5_YEAST	0.5	0.43	0.5	0.17	0.5	0	0.46	0.47	NUC
RCC_YEAST	0.31	0.5	0.54	0.32	0.5	0	0.53	0.31	NUC
HS73_YEAST	0.51	0.48	0.51	0.26	0.5	0	0.51	0.27	CYT
SSO2_YEAST	0.25	0.42	0.21	0.14	0.5	0	0.41	0.22	ME3
ST20_YEAST	0.3	0.45	0.55	0.19	0.5	0	0.53	0.4	CYT
STU1_YEAST	0.33	0.37	0.49	0.22	0.5	0	0.55	0.22	CYT
SUL1_YEAST	0.43	0.28	0.41	0.32	0.5	0	0.52	0.22	ME3
SWI6_YEAST	0.41	0.56	0.53	0.16	0.5	0	0.55	0.26	NUC
TCPG_YEAST	0.59	0.51	0.47	0.21	0.5	0	0.47	0.22	CYT
EF1G_YEAST	0.52	0.45	0.53	0.34	0.5	0	0.52	0.44	CYT
THRC_YEAST	0.54	0.55	0.55	0.4	0.5	0	0.53	0.22	CYT
IF51_YEAST	0.44	0.55	0.51	0.16	0.5	0	0.6	0.22	CYT
TOP1_YEAST	0.41	0.42	0.53	0.17	0.5	0	0.48	0.58	NUC
TPS1_YEAST	0.63	0.54	0.53	0.27	0.5	0	0.49	0.22	CYT
TRPD_YEAST	0.45	0.76	0.51	0.25	0.5	0	0.59	0.22	CYT
EFTU_YEAST	0.61	0.73	0.5	0.58	0.5	0	0.5	0.22	MIT
UBIQ_YEAST	0.46	0.47	0.62	0.3	0.5	0	0.38	0.22	CYT
PYRD_YEAST	0.48	0.39	0.56	0.23	0.5	0	0.6	0.22	CYT
VATA_YEAST	0.36	0.51	0.51	0.17	0.5	0	0.52	0.22	VAC
VM12_YEAST	0.4	0.36	0.32	0.16	0.5	0	0.51	0.27	VAC
OSTB_YEAST	0.78	0.71	0.35	0.25	0.5	0	0.49	0.22	ME1
YAG3_YEAST	0.88	0.75	0.41	0.36	0.5	0	0.43	0.22	ME2
YBC4_YEAST	0.32	0.3	0.57	0.38	0.5	0	0.5	0.25	NUC
YB32_YEAST	0.4	0.44	0.47	0.25	0.5	0	0.54	0.56	NUC
YCFI_YEAST	0.47	0.61	0.32	0.27	0.5	0	0.5	0.3	ME3
SYN_YEAST	0.47	0.41	0.53	0.27	0.5	0	0.47	0.25	MIT
MAS5_YEAST	0.64	0.44	0.56	0.15	0.5	0	0.56	0.22	CYT
YHC6_YEAST	0.61	0.76	0.3	0.16	0.5	0	0.45	0.41	ME3
YHN8_YEAST	0.86	0.78	0.34	0.15	0.5	0	0.53	0.22	ME2
YIA6_YEAST	0.51	0.59	0.46	0.13	0.5	0	0.48	0.22	MIT
MAOX_YEAST	0.57	0.59	0.49	0.86	0.5	0	0.47	0.22	NUC
YKY8_YEAST	0.25	0.4	0.52	0.15	0.5	0	0.56	0.28	NUC
YP52_YEAST	0.48	0.61	0.57	0.17	0.5	0	0.45	0.22	CYT
NA	NA	NA	NA	NA	NA	NA	NA	NA	NA
AATC_YEAST	0.51	0.4	0.56	0.17	0.5	0.5	0.49	0.22	CYT
ACT_YEAST	0.46	0.44	0.52	0.11	0.5	0	0.5	0.22	CYT
ADH3_YEAST	0.51	0.51	0.52	0.51	0.5	0	0.54	0.22	MIT
AGA2_YEAST	0.74	0.67	0.47	0.34	0.5	0	0.42	0.22	EXC
ANC1_YEAST	0.53	0.31	0.58	0.39	0.5	0	0.47	0.37	NUC
ARF2_YEAST	0.64	0.56	0.56	0.22	0.5	0	0.45	0.22	CYT
AROC_YEAST	0.6	0.47	0.45	0.22	0.5	0	0.51	0.29	CYT
ATPS_YEAST	0.49	0.42	0.56	0.55	0.5	0	0.42	0.25	MIT
ATR1_YEAST	0.28	0.58	0.21	0.13	0.5	0	0.51	0.22	ME3
BET1_YEAST	0.38	0.5	0.37	0.26	0.5	0	0.43	0.22	ME3
CAN1_YEAST	0.44	0.59	0.36	0.16	0.5	0	0.52	0.22	ME3
CBP1_YEAST	0.45	0.45	0.5	0.6	0.5	0	0.49	0.22	MIT
CCE1_YEAST	0.58	0.62	0.54	0.17	0.5	0	0.48	0.22	MIT
CC24_YEAST	0.34	0.54	0.5	0.21	0.5	0	0.54	0.31	CYT
CC40_YEAST	0.28	0.37	0.61	0.09	0.5	0	0.52	0.55	NUC
CC7_YEAST	0.42	0.31	0.5	0.15	0.5	0	0.53	0.22	NUC
PSS_YEAST	0.35	0.45	0.43	0.11	0.5	0	0.56	0.22	ME3
CISZ_YEAST	0.44	0.38	0.48	0.32	0.5	0.83	0.53	0.22	POX
KCC1_YEAST	0.31	0.55	0.52	0.17	0.5	0	0.52	0.22	CYT
COQ3_YEAST	0.52	0.56	0.54	0.53	0.5	0	0.45	0.22	MIT
COX3_YEAST	0.52	0.77	0.38	0.34	0.5	0	0.51	0.22	MIT
CYPH_YEAST	0.52	0.4	0.6	0.12	0.5	0	0.55	0.22	CYT
CSE1_YEAST	0.58	0.56	0.45	0.12	0.5	0	0.51	0.22	NUC
CATT_YEAST	0.41	0.51	0.58	0.15	0.5	0	0.45	0.27	CYT
CYS3_YEAST	0.51	0.53	0.55	0.14	0.5	0	0.51	0.22	CYT
DATI_YEAST	0.27	0.36	0.6	0.33	0.5	0	0.37	0.31	NUC
DLD1_YEAST	0.47	0.65	0.54	0.62	0.5	0	0.53	0.36	MIT
DUN1_YEAST	0.37	0.53	0.46	0.23	0.5	0	0.47	0.22	NUC
EPT1_YEAST	0.29	0.43	0.4	0.15	0.5	0	0.53	0.22	ME3
ERG3_YEAST	0.58	0.53	0.38	0.18	0.5	0	0.52	0.22	ME3
EXG1_YEAST	0.77	0.87	0.47	0.37	0.5	0	0.48	0.22	EXC
FET3_YEAST	0.54	0.55	0.42	0.22	0.5	0	0.48	0.22	ME3
FRE1_YEAST	0.91	0.77	0.34	0.47	0.5	0	0.52	0.31	ME1
FZF1_YEAST	0.37	0.43	0.62	0.27	0.5	0	0.48	0.22	NUC
GAR1_YEAST	0.35	0.68	0.57	0.4	0.5	0	0.53	0.36	NUC
E2BA_YEAST	0.45	0.56	0.49	0.17	0.5	0	0.52	0.22	CYT
DHE2_YEAST	0.59	0.43	0.52	0.19	0.5	0	0.55	0.27	CYT
GLO3_YEAST	0.34	0.66	0.51	0.16	0.5	0	0.47	0.33	NUC
GSP1_YEAST	0.58	0.48	0.56	0.1	0.5	0	0.46	0.25	NUC
HAP4_YEAST	0.56	0.57	0.63	0.39	1	0	0.59	0.4	NUC
HEX2_YEAST	0.44	0.42	0.62	0.14	0.5	0	0.55	0.37	NUC
HMD2_YEAST	0.53	0.68	0.34	0.42	0.5	0	0.54	0.27	ME3
HR25_YEAST	0.43	0.39	0.51	0.28	0.5	0	0.4	0.22	NUC
H2A1_YEAST	0.44	0.53	0.52	0.37	0.5	0	0.5	0.22	NUC
HXT4_YEAST	0.43	0.44	0.3	0.18	0.5	0	0.51	0.22	ME3
IF2M_YEAST	0.55	0.49	0.5	0.46	0.5	0	0.52	0.25	MIT
INO2_YEAST	0.56	0.45	0.59	0.14	0.5	0	0.51	0.26	NUC
IXR1_YEAST	0.42	0.32	0.61	0.13	0.5	0	0.14	0.27	NUC
YJ91_YEAST	0.47	0.43	0.35	0.32	0.5	0	0.54	0.22	ME3
KHR1_YEAST	0.84	0.63	0.38	0.23	0.5	0	0.53	0.22	EXC
KRE2_YEAST	0.89	0.82	0.6	0.49	0.5	0	0.55	0.22	ME2
MSF1_YEAST	0.36	0.44	0.57	0.18	0.5	0	0.42	0.22	MIT
LEUR_YEAST	0.44	0.41	0.44	0.13	0.5	0	0.49	0.42	NUC
MAC1_YEAST	0.52	0.49	0.57	0.57	0.5	0	0.51	0.22	NUC
MA6R_YEAST	0.33	0.38	0.53	0.26	0.5	0	0.52	0.27	NUC
MCM3_YEAST	0.53	0.51	0.51	0.11	0.5	0	0.49	0.41	NUC
EFG1_YEAST	0.53	0.48	0.45	0.44	0.5	0	0.49	0.27	MIT
MT28_YEAST	0.43	0.83	0.55	0.2	0.5	0	0.47	0.4	NUC
MIF2_YEAST	0.37	0.31	0.53	0.16	0.5	0	0.53	0.44	NUC
MNS1_YEAST	0.89	0.52	0.41	0.26	0.5	0	0.52	0.31	ME2
RT02_YEAST	0.57	0.4	0.62	0.3	0.5	0	0.48	0.11	MIT
RM27_YEAST	0.44	0.44	0.67	0.35	0.5	0	0.48	0.26	MIT
RM08_YEAST	0.55	0.5	0.6	0.31	0.5	0	0.46	0.27	MIT
SYDM_YEAST	0.51	0.56	0.51	0.42	0.5	0	0.53	0.36	MIT
MSN4_YEAST	0.51	0.56	0.62	0.24	0.5	0	0.52	0.51	NUC
MTF1_YEAST	0.46	0.46	0.56	0.12	0.5	0	0.55	0.22	MIT
YNE2_YEAST	0.44	0.41	0.29	0.21	0.5	0	0.49	0.22	ME3
NAT2_YEAST	0.59	0.58	0.39	0.52	0.5	0	0.5	0.31	CYT
NI96_YEAST	0.4	0.53	0.44	0.18	0.5	0	0.54	0.31	NUC
NSP1_YEAST	0.87	0.47	0.6	0.47	0.5	0	0.59	0.22	NUC
YK62_YEAST	0.7	0.51	0.47	0.24	0.5	0	0.53	0.25	NUC
PEM2_YEAST	0.48	0.49	0.45	0.23	0.5	0	0.51	0.22	ME3
PTSR_YEAST	0.5	0.5	0.54	0.16	0.5	0	0.49	0.22	POX
DCP2_YEAST	0.49	0.45	0.46	0.18	0.5	0	0.49	0.31	CYT
PEP1_YEAST	0.74	0.89	0.32	0.24	0.5	0	0.54	0.32	ME1
PT22_YEAST	0.56	0.68	0.52	0.39	0.5	0	0.36	0.22	MIT
PROF_YEAST	0.47	0.49	0.6	0.15	0.5	0	0.38	0.22	CYT
PPA3_YEAST	0.77	0.72	0.48	0.26	0.5	0	0.51	0.22	EXC
PIK1_YEAST	0.45	0.4	0.43	0.22	0.5	0	0.51	0.48	NUC
MANA_YEAST	0.55	0.51	0.54	0.2	0.5	0	0.56	0.22	CYT
DPO2_YEAST	0.54	0.53	0.48	0.14	0.5	0	0.49	0.33	NUC
PPCK_YEAST	0.45	0.47	0.53	0.15	0.5	0	0.52	0.27	CYT
PRC2_YEAST	0.52	0.46	0.56	0.2	0.5	0	0.5	0.22	CYT
PR21_YEAST	0.38	0.26	0.6	0.1	0.5	0	0.48	0.44	NUC
PRC8_YEAST	0.45	0.45	0.52	0.17	0.5	0	0.54	0.22	CYT
PTR2_YEAST	0.36	0.33	0.38	0.15	0.5	0	0.55	0.36	ME3
KPYK_YEAST	0.61	0.55	0.51	0.26	0.5	0	0.52	0.22	CYT
RA16_YEAST	0.33	0.28	0.5	0.4	0.5	0	0.46	0.61	NUC
RA52_YEAST	0.31	0.39	0.55	0.28	0.5	0	0.46	0.31	NUC
RAP1_YEAST	0.54	0.53	0.53	0.17	0.5	0	0.51	0.39	NUC
RER1_YEAST	0.45	0.66	0.39	0.11	0.5	0	0.54	0.22	ME3
RHO1_YEAST	0.6	0.48	0.46	0.32	0.5	0	0.4	0.33	CYT
RN15_YEAST	0.47	0.45	0.51	0.33	0.5	0	0.46	0.26	NUC
R17A_YEAST	0.43	0.33	0.54	0.37	0.5	0	0.38	0.16	CYT
RPB3_YEAST	0.54	0.57	0.55	0.18	0.5	0	0.5	0.22	NUC
RPC8_YEAST	0.57	0.42	0.63	0.22	0.5	0	0.68	0.32	NUC
R14B_YEAST	0.57	0.43	0.52	0.3	0.5	0	0.37	0.11	CYT
RL19_YEAST	0.72	0.37	0.63	0.38	0.5	0	0.4	0.14	CYT
R37B_YEAST	0.4	0.45	0.61	0.29	0.5	0	0.44	0.22	CYT
RL9_YEAST	0.48	0.46	0.58	0.16	0.5	0	0.45	0.22	CYT
RS6_YEAST	0.46	0.33	0.45	0.22	0.5	0	0.41	0.37	CYT
R26B_YEAST	0.46	0.54	0.59	0.41	0.5	0	0.53	0.21	CYT
RS4E_YEAST	0.53	0.57	0.6	0.36	0.5	0	0.5	0.22	CYT
SAC7_YEAST	0.34	0.25	0.55	0.28	0.5	0	0.51	0.49	CYT
DHSB_YEAST	0.53	0.51	0.55	0.57	0.5	0	0.46	0.22	MIT
SC17_YEAST	0.46	0.44	0.58	0.17	0.5	0	0.55	0.22	CYT
SEC6_YEAST	0.46	0.38	0.51	0.2	0.5	0	0.51	0.22	CYT
TRAM_YEAST	0.47	0.52	0.54	0.25	0.5	0	0.54	0.29	MIT
SGE1_YEAST	0.85	0.69	0.34	0.31	0.5	0	0.57	0.3	ME1
SIR1_YEAST	0.45	0.41	0.53	0.49	0.5	0	0.49	0.31	NUC
SLA1_YEAST	0.37	0.55	0.52	0.13	0.5	0	0.42	0.8	CYT
SMF1_YEAST	0.57	0.51	0.34	0.13	0.5	0	0.53	0.27	MIT
SNF5_YEAST	0.66	0.43	0.57	0.6	0.5	0	0.19	0.33	NUC
SON1_YEAST	0.4	0.39	0.6	0.23	0.5	0	0.52	0.31	NUC
SX19_YEAST	0.32	0.68	0.51	0.16	0.5	0.83	0.55	0.22	POX
SPT6_YEAST	0.23	0.13	0.51	0.16	0.5	0	0.53	0.51	NUC
SRPI_YEAST	0.25	0.33	0.48	0.18	0.5	0	0.42	0.33	NUC
HS74_YEAST	0.53	0.48	0.51	0.18	0.5	0	0.51	0.27	CYT
S120_YEAST	0.7	0.58	0.53	0.39	0.5	0	0.59	0.22	EXC
STE3_YEAST	0.88	0.72	0.32	0.3	0.5	0	0.52	0.33	ME1
STV1_YEAST	0.58	0.43	0.32	0.11	0.5	0	0.49	0.22	VAC
SUP1_YEAST	0.41	0.49	0.55	0.13	0.5	0	0.55	0.22	CYT
OSTD_YEAST	0.78	0.73	0.27	0.28	0.5	0	0.56	0.22	ME1
TCPD_YEAST	0.39	0.47	0.49	0.2	0.5	0	0.53	0.26	CYT
EF1H_YEAST	0.54	0.48	0.55	0.33	0.5	0	0.55	0.4	CYT
SYTC_YEAST	0.31	0.31	0.57	0.15	0.5	0	0.5	0.22	CYT
TIP1_YEAST	0.77	0.7	0.44	0.29	0.5	0	0.56	0.22	ME1
TOP2_YEAST	0.45	0.36	0.5	0.19	0.5	0	0.53	0.7	NUC
TPS2_YEAST	0.54	0.43	0.48	0.27	0.5	0	0.44	0.41	CYT
TRP_YEAST	0.48	0.44	0.51	0.24	0.5	0	0.49	0.22	CYT
TUP1_YEAST	0.5	0.43	0.56	0.17	0.5	0	0.35	0.22	NUC
UBP1_YEAST	0.59	0.7	0.46	0.19	0.5	0	0.54	0.44	CYT
PYR1_YEAST	0.56	0.49	0.47	0.13	0.5	0	0.52	0.22	NUC
VM11_YEAST	0.68	0.68	0.35	0.16	0.5	0	0.62	0.22	VAC
VPS1_YEAST	0.5	0.55	0.52	0.16	0.5	0	0.51	0.31	CYT
XRS2_YEAST	0.64	0.56	0.52	0.17	0.5	0	0.54	0.47	NUC
YAG7_YEAST	0.49	0.49	0.4	0.2	0.5	0	0.48	0.26	ME3
YBE2_YEAST	0.26	0.3	0.37	0.15	0.5	0	0.53	0.25	ME3
YB33_YEAST	0.46	0.59	0.38	0.12	0.5	0	0.5	0.22	ME3
YCK1_YEAST	0.71	0.51	0.49	0.23	0.5	0	0.3	0.32	ME2
YCR8_YEAST	0.39	0.56	0.34	0.18	0.5	0	0.49	0.22	ME3
EF3_YEAST	0.48	0.58	0.47	0.17	0.5	0	0.53	0.74	CYT
RIMI_YEAST	0.33	0.38	0.47	0.14	0.5	0	0.51	0.47	NUC
YHP0_YEAST	0.38	0.44	0.57	0.14	0.5	0	0.53	0.52	NUC
YIB3_YEAST	0.52	0.46	0.34	0.2	0.5	0	0.51	0.25	ME3
YKD8_YEAST	0.38	0.4	0.39	0.19	0.5	0	0.46	0.62	NUC
YK44_YEAST	0.58	0.56	0.38	0.39	0.5	0	0.54	0.57	NUC
YP53_YEAST	0.71	0.5	0.5	0.18	0.5	0	0.46	0.22	CYT
NA	NA	NA	NA	NA	NA	NA	NA	NA	NA
ABC1_YEAST	0.5	0.54	0.48	0.65	0.5	0	0.53	0.22	MIT
ACT2_YEAST	0.47	0.39	0.5	0.11	0.5	0	0.49	0.4	CYT
ADH4_YEAST	0.59	0.45	0.53	0.19	0.5	0	0.59	0.27	CYT
YMX1_YEAST	0.72	0.61	0.45	0.3	0.5	0	0.54	0.25	MIT
ANP1_YEAST	0.74	0.75	0.58	0.47	0.5	0	0.4	0.35	ME2
ASSY_YEAST	0.66	0.62	0.49	0.1	0.5	0	0.49	0.22	CYT
AROF_YEAST	0.34	0.46	0.57	0.09	0.5	0	0.55	0.22	CYT
ATPT_YEAST	0.63	0.53	0.54	0.4	0.5	0	0.5	0.22	MIT
YBR8_YEAST	0.39	0.44	0.35	0.16	0.5	0	0.55	0.22	ME3
BGL2_YEAST	0.69	0.7	0.52	0.36	0.5	0	0.46	0.22	EXC
CAPA_YEAST	0.42	0.35	0.54	0.18	0.5	0	0.56	0.22	CYT
CBP2_YEAST	0.59	0.67	0.56	0.41	0.5	0	0.47	0.22	MIT
CCL1_YEAST	0.4	0.38	0.53	0.16	0.5	0	0.52	0.27	NUC
CC25_YEAST	0.39	0.58	0.5	0.26	0.5	0	0.54	0.59	ME3
CC42_YEAST	0.59	0.48	0.5	0.14	0.5	0	0.45	0.25	CYT
KTHY_YEAST	0.42	0.43	0.56	0.1	0.5	0	0.49	0.22	CYT
PEM1_YEAST	0.42	0.42	0.42	0.2	0.5	0	0.49	0.22	ME3
KC21_YEAST	0.31	0.31	0.56	0.33	0.5	0	0.52	0.33	NUC
KCC2_YEAST	0.32	0.57	0.5	0.15	0.5	0	0.53	0.22	CYT
UCR1_YEAST	0.58	0.58	0.58	0.49	0.5	0	0.49	0.26	MIT
COX4_YEAST	0.5	0.52	0.6	0.51	0.5	0	0.48	0.22	MIT
CYPB_YEAST	0.77	0.79	0.58	0.23	0.5	0	0.48	0.22	EXC
CSE2_YEAST	0.53	0.38	0.66	0.25	0.5	0	0.43	0.22	NUC
MTC_YEAST	0.38	0.51	0.75	0.17	0.5	0	0.55	0.22	CYT
CY1_YEAST	0.44	0.68	0.45	0.51	0.5	0	0.52	0.41	MIT
DBF4_YEAST	0.35	0.4	0.59	0.22	0.5	0	0.47	0.37	NUC
DMC1_YEAST	0.43	0.39	0.54	0.14	0.5	0	0.47	0.22	NUC
DUR3_YEAST	0.83	0.58	0.33	0.04	0.5	0	0.53	0.22	ME2
ERD1_YEAST	0.52	0.75	0.37	0.14	0.5	0	0.46	0.22	ME3
ERG4_YEAST	0.36	0.46	0.43	0.19	0.5	0	0.48	0.22	ME3
LCF2_YEAST	0.35	0.46	0.49	0.15	1	0	0.55	0.35	CYT
FET4_YEAST	0.39	0.44	0.28	0.12	0.5	0	0.46	0.27	ME3
YKW0_YEAST	0.81	0.9	0.39	0.41	0.5	0	0.53	0.22	ME2
GAC1_YEAST	0.55	0.66	0.57	0.32	0.5	0	0.57	0.34	CYT
GAS1_YEAST	0.7	0.69	0.43	0.33	0.5	0	0.58	0.22	ME1
GCN4_YEAST	0.56	0.54	0.59	0.14	0.5	0	0.52	0.27	NUC
GDI1_YEAST	0.64	0.53	0.45	0.13	0.5	0	0.53	0.22	CYT
GLS1_YEAST	0.2	0.34	0.33	0.1	0.5	0	0.48	0.31	ME3
GSP2_YEAST	0.58	0.48	0.56	0.12	0.5	0	0.46	0.25	NUC
HBS1_YEAST	0.21	0.38	0.49	0.16	0.5	0	0.51	0.45	CYT
H4_YEAST	0.37	0.34	0.58	0.24	0.5	0	0.44	0.18	NUC
MAT1_YEAST	0.37	0.22	0.64	0.35	0.5	0	0.47	0.22	NUC
HS83_YEAST	0.61	0.54	0.49	0.16	0.5	0	0.54	0.42	CYT
H2A2_YEAST	0.44	0.53	0.52	0.37	0.5	0	0.5	0.22	NUC
HXT5_YEAST	0.43	0.45	0.37	0.12	0.5	0	0.48	0.22	ME3
SYI_YEAST	0.5	0.46	0.52	0.16	0.5	0	0.52	0.26	CYT
INO4_YEAST	0.45	0.38	0.59	0.18	0.5	0	0.44	0.45	NUC
YJ12_YEAST	0.5	0.46	0.42	0.32	0.5	0	0.56	0.55	ME3
JNM1_YEAST	0.42	0.25	0.6	0.14	0.5	0	0.45	0.22	CYT
KHS1_YEAST	0.89	0.77	0.36	0.34	0.5	0	0.44	0.22	EXC
KRE5_YEAST	0.86	0.92	0.5	0.37	1	0	0.53	0.32	ERL
LAG1_YEAST	0.42	0.51	0.39	0.22	0.5	0	0.49	0.26	ME3
LEU1_YEAST	0.52	0.62	0.54	0.19	0.5	0	0.5	0.22	MIT
MAD1_YEAST	0.62	0.64	0.56	0.2	0.5	0	0.48	0.33	NUC
AMPM_YEAST	0.48	0.51	0.57	0.24	0.5	0	0.5	0.22	CYT
MDHM_YEAST	0.58	0.49	0.5	0.41	0.5	0	0.57	0.22	MIT
EFG2_YEAST	0.49	0.48	0.46	0.63	0.5	0	0.52	0.22	MIT
MET4_YEAST	0.55	0.65	0.5	0.28	0.5	0	0.55	0.22	NUC
MIG1_YEAST	0.43	0.39	0.59	0.13	0.5	0	0.41	0.43	NUC
MOD5_YEAST	0.67	0.51	0.54	0.21	0.5	0	0.43	0.3	MIT
RM41_YEAST	0.52	0.5	0.59	0.31	0.5	0	0.5	0.22	MIT
RM31_YEAST	0.58	0.52	0.61	0.33	0.5	0	0.38	0.11	MIT
RM09_YEAST	0.58	0.53	0.57	0.46	0.5	0	0.51	0.27	MIT
SYFM_YEAST	0.43	0.32	0.5	0.29	0.5	0	0.5	0.22	MIT
MSP1_YEAST	0.63	0.6	0.5	0.27	0.5	0	0.55	0.22	MIT
RU1A_YEAST	0.47	0.46	0.55	0.28	0.5	0	0.44	0.46	NUC
NAB1_YEAST	0.49	0.6	0.55	0.17	0.5	0	0.44	0.22	CYT
NCPR_YEAST	0.78	0.63	0.53	0.13	0.5	0	0.54	0.22	ME2
NIN1_YEAST	0.47	0.5	0.55	0.19	0.5	0	0.62	0.22	CYT
NSR1_YEAST	0.3	0.55	0.58	0.16	0.5	0	0.61	0.28	NUC
NUP2_YEAST	0.25	0.36	0.58	0.3	0.5	0	0.58	0.31	NUC
ORC2_YEAST	0.39	0.42	0.49	0.1	0.5	0	0.49	0.65	NUC
UBCX_YEAST	0.47	0.43	0.59	0.27	0.5	0	0.55	0.22	POX
DCP3_YEAST	0.52	0.46	0.51	0.18	0.5	0	0.5	0.22	CYT
PE12_YEAST	0.28	0.46	0.26	0.18	0.5	0	0.39	0.22	VAC
RTPT_YEAST	0.48	0.45	0.59	0.35	0.5	0	0.55	0.3	MIT
PGD1_YEAST	0.41	0.48	0.54	0.24	0.5	0	0.37	0.51	NUC
PHO4_YEAST	0.44	0.42	0.57	0.22	0.5	0	0.5	0.25	NUC
LONM_YEAST	0.47	0.54	0.53	0.77	0.5	0	0.52	0.36	MIT
PMP1_YEAST	0.95	0.71	0.27	0.39	0.5	0	0.31	0.22	ME2
DPOE_YEAST	0.37	0.48	0.5	0.26	0.5	0	0.52	0.39	NUC
PPR1_YEAST	0.42	0.28	0.51	0.23	0.5	0	0.53	0.27	NUC
PRC6_YEAST	0.53	0.43	0.57	0.24	0.5	0	0.39	0.28	CYT
PR22_YEAST	0.68	0.39	0.5	0.15	0.5	0	0.48	0.37	NUC
PRC5_YEAST	0.28	0.51	0.55	0.19	0.5	0	0.57	0.22	CYT
PUB1_YEAST	0.48	0.5	0.56	0.11	0.5	0	0.33	0.22	CYT
UCRX_YEAST	0.5	0.62	0.52	0.3	0.5	0	0.56	0.22	MIT
RA18_YEAST	0.51	0.55	0.56	0.18	0.5	0	0.5	0.38	NUC
RA54_YEAST	0.43	0.41	0.51	0.34	0.5	0	0.49	0.28	NUC
RAS1_YEAST	0.61	0.46	0.54	0.11	0.5	0	0.47	0.22	CYT
DPOX_YEAST	0.32	0.49	0.53	0.28	0.5	0	0.5	0.5	NUC
RHO2_YEAST	0.64	0.44	0.51	0.35	0.5	0	0.53	0.22	CYT
ROX1_YEAST	0.5	0.36	0.64	0.37	0.5	0	0.37	0.33	NUC
R17B_YEAST	0.43	0.33	0.54	0.37	0.5	0	0.38	0.16	CYT
RPB4_YEAST	0.38	0.44	0.55	0.44	0.5	0	0.47	0.51	NUC
RPC6_YEAST	0.37	0.45	0.53	0.14	0.5	0	0.49	0.22	NUC
RL12_YEAST	0.59	0.51	0.48	0.12	0.5	0	0.54	0.31	CYT
RL25_YEAST	0.44	0.36	0.64	0.45	0.5	0	0.53	0.11	CYT
RL44_YEAST	0.34	0.34	0.65	0.4	0.5	0	0.32	0.16	CYT
RLA0_YEAST	0.48	0.55	0.48	0.1	0.5	0	0.55	0.22	CYT
R19A_YEAST	0.52	0.43	0.61	0.22	0.5	0	0.45	0.22	CYT
R271_YEAST	0.39	0.65	0.57	0.19	0.5	0	0.44	0.25	CYT
RS8_YEAST	0.37	0.3	0.62	0.43	0.5	0	0.44	0.39	CYT
SAG1_YEAST	0.77	0.86	0.44	0.27	0.5	0	0.48	0.22	ME1
SDH3_YEAST	0.54	0.64	0.4	0.56	0.5	0	0.51	0.22	MIT
SC18_YEAST	0.34	0.46	0.52	0.19	0.5	0	0.53	0.26	CYT
S61A_YEAST	0.55	0.72	0.35	0.26	0.5	0	0.49	0.22	ME3
SED1_YEAST	0.77	0.82	0.4	0.36	0.5	0	0.38	0.22	ME1
SHM1_YEAST	0.56	0.59	0.45	0.15	0.5	0	0.54	0.22	MIT
SIR2_YEAST	0.42	0.28	0.49	0.22	0.5	0	0.55	0.34	NUC
SLA2_YEAST	0.46	0.48	0.38	0.22	0.5	0	0.39	0.45	ME3
SMF2_YEAST	0.23	0.37	0.32	0.13	0.5	0	0.53	0.22	MIT
SNF6_YEAST	0.55	0.4	0.62	0.22	0.5	0	0.37	0.28	NUC
RL35_YEAST	0.52	0.47	0.58	0.18	0.5	0	0.34	0.11	CYT
SP10_YEAST	0.27	0.46	0.52	0.17	0.5	0	0.49	0.44	NUC
SPT7_YEAST	0.49	0.6	0.54	0.35	0.5	0	0.53	0.46	NUC
SRPR_YEAST	0.55	0.46	0.47	0.15	0.5	0	0.47	0.22	ME3
HS75_YEAST	0.6	0.46	0.51	0.1	0.5	0	0.48	0.31	CYT
S61G_YEAST	0.49	0.31	0.43	0.24	0.5	0	0.54	0.22	ME3
GBB_YEAST	0.44	0.4	0.53	0.19	0.5	0	0.48	0.27	CYT
TF2B_YEAST	0.58	0.64	0.42	0.3	0.5	0	0.54	0.22	NUC
SUP2_YEAST	0.23	0.29	0.46	0	0.5	0	0.43	0.31	CYT
SYG1_YEAST	0.31	0.51	0.38	0.18	0.5	0	0.46	0.31	ME3
TCPZ_YEAST	0.49	0.48	0.52	0.24	0.5	0	0.5	0.22	CYT
T2EA_YEAST	0.55	0.79	0.45	0.25	0.5	0	0.51	0.22	NUC
IF4A_YEAST	0.38	0.42	0.5	0.19	0.5	0	0.44	0.22	CYT
TP20_YEAST	0.4	0.56	0.53	0.15	0.5	0	0.49	0.22	CYT
TOP3_YEAST	0.53	0.51	0.54	0.21	0.5	0	0.45	0.22	NUC
TPS3_YEAST	0.4	0.44	0.5	0.13	0.5	0	0.52	0.39	CYT
TSA_YEAST	0.59	0.64	0.44	0.26	0.5	0	0.5	0.22	CYT
TYE7_YEAST	0.36	0.52	0.61	0.33	0.5	0	0.52	0.37	NUC
UBP2_YEAST	0.19	0.41	0.55	0.13	0.5	0	0.52	0.25	CYT
UMPK_YEAST	0.47	0.59	0.56	0.09	0.5	0	0.5	0.22	CYT
VATB_YEAST	0.44	0.35	0.55	0.14	0.5	0	0.52	0.22	VAC
VP15_YEAST	0.65	0.63	0.47	0.22	0.5	0	0.52	0.27	CYT
YAA7_YEAST	1	0.8	0.29	0.36	0.5	0	0.52	0.22	ME1
PDR4_YEAST	0.57	0.53	0.6	0.28	0.5	0	0.52	0.45	NUC
YBG6_YEAST	0.28	0.41	0.46	0.18	0.5	0	0.47	0.39	NUC
YB37_YEAST	0.8	0.82	0.4	0.31	0.5	0	0.57	0.25	ME1
YCK2_YEAST	0.59	0.48	0.49	0.49	0.5	0	0.36	0.32	CYT
YCS4_YEAST	0.51	0.38	0.42	0.21	0.5	0	0.46	0.34	ME3
YEA6_YEAST	0.42	0.71	0.45	0.15	0.5	0	0.48	0.22	ME3
YHD5_YEAST	0.38	0.67	0.33	0.17	0.5	0	0.51	0.22	ME3
YHQ1_YEAST	0.72	0.73	0.41	0.28	0.5	0	0.44	0.22	ME1
YIF2_YEAST	0.47	0.5	0.6	0.63	0.5	0	0.38	0.16	CYT
YKE6_YEAST	0.77	0.74	0.37	0.29	0.5	0	0.45	0.22	ME1
YK68_YEAST	0.32	0.29	0.29	0.08	0.5	0	0.52	0.22	ME3
YPT7_YEAST	0.61	0.48	0.54	0.25	0.5	0	0.5	0.22	CYT
NA	NA	NA	NA	NA	NA	NA	NA	NA	NA
BAF1_YEAST	0.48	0.45	0.59	0.2	0.5	0	0.58	0.34	NUC
ACT3_YEAST	0.58	0.47	0.54	0.11	0.5	0	0.51	0.26	NUC
KAD1_YEAST	0.57	0.47	0.6	0.18	0.5	0	0.51	0.22	CYT
SYAC_YEAST	0.4	0.45	0.57	0.18	0.5	0	0.56	0.26	CYT
APE2_YEAST	0.49	0.39	0.52	0.29	0.5	0	0.48	0.22	EXC
OTC_YEAST	0.53	0.44	0.51	0.33	0.5	0	0.55	0.22	CYT
AROG_YEAST	0.48	0.54	0.55	0.12	0.5	0	0.51	0.22	CYT
ATPU_YEAST	0.5	0.54	0.53	0.54	0.5	0	0.51	0.27	MIT
BAR1_YEAST	0.8	0.63	0.45	0.29	0.5	0	0.51	0.22	EXC
CYBM_YEAST	0.61	0.72	0.39	0.33	0.5	0	0.58	0.22	MIT
CAPB_YEAST	0.3	0.56	0.55	0.18	0.5	0	0.5	0.22	CYT
CBP3_YEAST	0.47	0.47	0.57	0.48	0.5	0	0.48	0.22	MIT
CCPR_YEAST	0.46	0.71	0.48	0.53	0.5	0	0.53	0.22	MIT
CC27_YEAST	0.48	0.54	0.5	0.17	0.5	0	0.53	0.22	NUC
CAL1_YEAST	0.39	0.55	0.48	0.31	0.5	0	0.54	0.29	CYT
DNLI_YEAST	0.67	0.71	0.52	0.65	0.5	0	0.53	0.36	NUC
CHS1_YEAST	0.26	0.5	0.33	0.28	0.5	0	0.51	0.22	ME3
KC22_YEAST	0.49	0.31	0.49	0.35	0.5	0	0.51	0.29	NUC
P2B1_YEAST	0.32	0.42	0.52	0.24	0.5	0	0.6	0.22	CYT
COT1_YEAST	0.72	0.62	0.34	0.29	0.5	0	0.56	0.28	MIT
COXA_YEAST	0.49	0.6	0.43	0.56	0.5	0	0.36	0.22	MIT
CYPC_YEAST	0.47	0.46	0.59	0.49	0.5	0	0.56	0.22	MIT
YKE9_YEAST	0.34	0.36	0.54	0.11	0.5	0	0.36	0.21	NUC
MTC_YEAST	0.38	0.51	0.75	0.17	0.5	0	0.55	0.22	CYT
CYT2_YEAST	0.27	0.39	0.66	0.11	0.5	0	0.44	0.22	MIT
DBP1_YEAST	0.42	0.32	0.5	0.21	0.5	0	0.51	0.22	NUC
DPB2_YEAST	0.5	0.51	0.52	0.09	0.5	0	0.48	0.25	NUC
EF1B_YEAST	0.39	0.45	0.53	0.18	0.5	0	0.54	0.22	CYT
ERD2_YEAST	0.71	0.56	0.39	0.27	0.5	0	0.52	0.22	ME2
ERG6_YEAST	0.32	0.47	0.55	0.12	0.5	0	0.52	0.22	CYT
FAD1_YEAST	0.43	0.51	0.48	0.14	0.5	0	0.5	0.22	CYT
FHL1_YEAST	0.33	0.44	0.49	0.08	0.5	0	0.48	0.49	NUC
SYFA_YEAST	0.45	0.4	0.56	0.14	0.5	0	0.54	0.22	CYT
GAL1_YEAST	0.48	0.35	0.42	0.21	0.5	0	0.57	0.22	CYT
GBP2_YEAST	0.23	0.3	0.58	0.22	0.5	0	0.48	0.27	NUC
GCN5_YEAST	0.31	0.31	0.54	0.18	0.5	0	0.52	0.29	NUC
GEF1_YEAST	0.49	0.31	0.34	0.13	0.5	0	0.52	0.22	ME3
6PGD_YEAST	0.74	0.53	0.5	0.08	0.5	0	0.55	0.31	CYT
UGS1_YEAST	0.58	0.45	0.48	0.24	0.5	0	0.52	0.37	CYT
HCM1_YEAST	0.46	0.57	0.57	0.15	0.5	0	0.52	0.26	NUC
H4_YEAST	0.37	0.34	0.58	0.24	0.5	0	0.44	0.18	NUC
MAT2_YEAST	0.51	0.48	0.58	0.22	0.5	0	0.5	0.28	NUC
HSF_YEAST	0.34	0.35	0.61	0.19	0.5	0	0.52	0.25	NUC
H2B1_YEAST	0.32	0.34	0.61	0.17	0.5	0	0.52	0.32	NUC
HXT6_YEAST	0.45	0.57	0.3	0.17	0.5	0	0.51	0.22	ME3
THDH_YEAST	0.5	0.53	0.45	0.44	0.5	0	0.49	0.22	MIT
IPYR_YEAST	0.43	0.51	0.6	0.25	0.5	0	0.55	0.22	CYT
YJ13_YEAST	0.68	0.5	0.43	0.27	0.5	0	0.61	0.22	ME2
KAR1_YEAST	0.23	0.34	0.41	0.28	0.5	0	0.5	0.27	NUC
KIN1_YEAST	0.48	0.43	0.45	0.17	0.5	0	0.48	0.37	ME3
KRE6_YEAST	0.37	0.55	0.29	0.32	0.5	0	0.51	0.22	ME3
BLH1_YEAST	0.52	0.48	0.58	0.55	0.5	0	0.48	0.22	CYT
LGT3_YEAST	0.46	0.4	0.38	0.18	0.5	0	0.49	0.22	ME3
MAG_YEAST	0.46	0.32	0.58	0.17	0.5	0	0.61	0.25	NUC
MPP2_YEAST	0.5	0.62	0.54	0.66	0.5	0	0.49	0.22	MIT
MDHC_YEAST	0.62	0.6	0.47	0.16	0.5	0	0.53	0.22	CYT
MEIX_YEAST	0.7	0.53	0.42	0.22	0.5	0	0.51	0.28	NUC
METE_YEAST	0.29	0.46	0.54	0.27	0.5	0	0.49	0.22	CYT
DPOG_YEAST	0.48	0.47	0.54	0.55	0.5	0	0.51	0.65	MIT
MOT1_YEAST	0.58	0.46	0.46	0.34	0.5	0	0.5	0.43	NUC
RT04_YEAST	0.42	0.53	0.53	0.64	0.5	0	0.47	0.22	MIT
RM32_YEAST	0.57	0.61	0.55	0.27	0.5	0	0.44	0.21	MIT
RT28_YEAST	0.65	0.53	0.55	0.52	0.5	0	0.47	0.27	MIT
MSH1_YEAST	0.49	0.44	0.45	0.55	0.5	0	0.48	0.22	MIT
SYR_YEAST	0.46	0.44	0.53	0.31	0.5	0	0.48	0.22	MIT
YKH4_YEAST	0.39	0.35	0.49	0.17	0.5	0	0.49	0.22	NUC
NAB2_YEAST	0.56	0.63	0.52	0.2	0.5	0	0.34	0.26	NUC
NDC1_YEAST	0.47	0.59	0.37	0.31	0.5	0	0.51	0.36	NUC
NIP1_YEAST	0.35	0.5	0.44	0.27	0.5	0	0.51	0.22	CYT
TREA_YEAST	0.29	0.34	0.55	0.24	0.5	0	0.51	0.22	CYT
NU49_YEAST	0.69	0.62	0.49	0	1	0	0.47	0.22	NUC
YHR8_YEAST	0.31	0.42	0.48	0.17	0.5	0	0.49	0.53	NUC
PAS3_YEAST	0.68	0.59	0.44	0.49	0.5	0	0.4	0.26	POX
CNA1_YEAST	0.55	0.59	0.52	0.1	0.5	0	0.53	0.22	CYT
PEP3_YEAST	0.51	0.46	0.49	0.21	0.5	0	0.55	0.22	VAC
PT27_YEAST	0.26	0.28	0.6	0.2	0.5	0	0.54	0.31	MIT
G6PI_YEAST	0.46	0.46	0.53	0.23	0.5	0	0.51	0.22	CYT
PPA5_YEAST	0.74	0.74	0.51	0.27	0.5	0	0.5	0.22	EXC
PIR1_YEAST	0.77	0.78	0.51	0.28	0.5	0	0.33	0.22	EXC
PMP2_YEAST	0.97	0.71	0.29	0.42	0.5	0	0.35	0.22	ME2
DPOD_YEAST	0.25	0.39	0.5	0.23	0.5	0	0.5	0.28	NUC
PPX1_YEAST	0.51	0.48	0.46	0.29	0.5	0	0.54	0.22	CYT
PRI1_YEAST	0.33	0.35	0.56	0.19	0.5	0	0.5	0.22	NUC
PR28_YEAST	0.62	0.41	0.52	0.17	0.5	0	0.48	0.22	NUC
PRC3_YEAST	0.51	0.51	0.56	0.28	0.5	0	0.54	0.27	CYT
PRCF_YEAST	0.35	0.47	0.53	0.19	0.5	0	0.48	0.22	CYT
UCR2_YEAST	0.49	0.45	0.54	0.4	0.5	0	0.55	0.22	MIT
RAD2_YEAST	0.39	0.44	0.54	0.24	0.5	0	0.51	0.49	NUC
RA55_YEAST	0.64	0.5	0.53	0.1	0.5	0	0.51	0.22	NUC
RAS2_YEAST	0.66	0.55	0.54	0.18	0.5	0	0.43	0.22	CYT
RFA1_YEAST	0.35	0.42	0.56	0.28	0.5	0	0.47	0.22	NUC
RIF1_YEAST	0.35	0.4	0.44	0.25	0.5	0	0.53	0.57	NUC
ROX3_YEAST	0.43	0.44	0.64	0.19	0.5	0	0.38	0.33	NUC
R61A_YEAST	0.51	0.39	0.58	0.19	0.5	0	0.47	0.22	CYT
RPB5_YEAST	0.4	0.3	0.57	0.13	0.5	0	0.46	0.22	NUC
RPC5_YEAST	0.38	0.38	0.54	0.24	0.5	0	0.54	0.22	NUC
RL12_YEAST	0.59	0.51	0.48	0.12	0.5	0	0.54	0.31	CYT
RL27_YEAST	0.58	0.45	0.55	0.27	0.5	0	0.48	0.11	CYT
RL44_YEAST	0.34	0.34	0.65	0.4	0.5	0	0.32	0.16	CYT
RLA1_YEAST	0.66	0.6	0.52	0.19	0.5	0	0.69	0.22	CYT
R19B_YEAST	0.52	0.43	0.61	0.22	0.5	0	0.45	0.22	CYT
R272_YEAST	0.39	0.65	0.57	0.19	0.5	0	0.43	0.25	CYT
RS8_YEAST	0.37	0.3	0.62	0.43	0.5	0	0.44	0.39	CYT
SAR1_YEAST	0.59	0.54	0.53	0.14	0.5	0	0.48	0.22	CYT
SDH4_YEAST	0.47	0.58	0.47	0.52	0.5	0	0.54	0.22	MIT
SEC2_YEAST	0.58	0.56	0.46	0.14	0.5	0	0.51	0.22	CYT
SC62_YEAST	0.54	0.44	0.35	0.19	0.5	0	0.51	0.27	ME3
SED4_YEAST	0.52	0.55	0.39	0.09	1	0	0.55	0.25	ME3
GLYM_YEAST	0.47	0.56	0.53	0.44	0.5	0	0.53	0.22	MIT
SIR3_YEAST	0.47	0.5	0.47	0.22	0.5	0	0.53	0.45	NUC
PLSC_YEAST	0.8	0.69	0.53	0.33	0.5	0	0.51	0.22	ME2
SMY1_YEAST	0.54	0.5	0.51	0.26	0.5	0	0.52	0.22	CYT
RU17_YEAST	0.33	0.46	0.6	0.18	0.5	0	0.51	0.26	NUC
RL35_YEAST	0.52	0.47	0.58	0.18	0.5	0	0.34	0.11	CYT
SP14_YEAST	0.52	0.45	0.45	0.13	0.5	0	0.48	0.22	NUC
SPT8_YEAST	0.52	0.31	0.56	0.16	0.5	0	0.55	0.22	NUC
SR14_YEAST	0.61	0.5	0.61	0.21	0.5	0	0.55	0.54	CYT
HS76_YEAST	0.6	0.46	0.51	0.1	0.5	0	0.48	0.31	CYT
SST2_YEAST	0.46	0.41	0.43	0.18	0.5	0	0.54	0.22	ME3
STE5_YEAST	0.45	0.57	0.52	0.21	0.5	0	0.54	0.38	NUC
INV1_YEAST	0.74	0.82	0.46	0.24	0.5	0	0.5	0.31	EXC
RS4_YEAST	0.25	0.48	0.45	0.32	0.5	0	0.4	0.22	CYT
TAL1_YEAST	0.63	0.64	0.49	0.2	0.5	0	0.52	0.25	CYT
G3P1_YEAST	0.59	0.48	0.49	0.42	0.5	0	0.52	0.22	CYT
YK42_YEAST	0.58	0.51	0.63	0.2	0.5	0	0.5	0.42	NUC
IF1A_YEAST	0.33	0.36	0.62	0.26	0.5	0	0.55	0.22	CYT
SRP1_YEAST	0.79	0.79	0.42	0.26	0.5	0	0.6	0.22	ME1
TOR2_YEAST	0.49	0.5	0.42	0.43	0.5	0	0.5	0.36	VAC
TRK1_YEAST	0.55	0.39	0.39	0.47	0.5	0	0.5	0.83	ME3
TSL1_YEAST	0.79	0.56	0.53	0.19	0.5	0	0.47	0.35	CYT
TYR1_YEAST	0.66	0.54	0.53	0.17	0.5	0	0.54	0.22	CYT
UBP3_YEAST	0.27	0.43	0.5	0.13	0.5	0	0.54	0.31	CYT
RL21_YEAST	0.4	0.28	0.58	0.44	0.5	0	0.41	0.22	CYT
VATL_YEAST	0.73	0.59	0.35	0.15	0.5	0	0.54	0.22	VAC
VP16_YEAST	0.41	0.48	0.51	0.2	0.5	0	0.51	0.22	CYT
YAB1_YEAST	0.51	0.39	0.56	0.55	0.5	0	0.46	0.64	MIT
AP17_YEAST	0.53	0.52	0.49	0.27	0.5	0	0.51	0.22	CYT
YBI8_YEAST	0.45	0.5	0.43	0.16	0.5	0	0.52	0.28	ME3
YB48_YEAST	0.29	0.39	0.46	0.36	0.5	0	0.51	0.22	NUC
YCA9_YEAST	0.58	0.63	0.52	0.7	0.5	0	0.46	0.22	MIT
YCT8_YEAST	0.32	0.45	0.39	0.14	0.5	0	0.45	0.22	ME3
YEP0_YEAST	0.38	0.37	0.36	0.14	0.5	0	0.54	0.22	ME3
YHE0_YEAST	0.39	0.33	0.33	0.23	0.5	0	0.47	0.22	ME3
YHR0_YEAST	0.8	0.73	0.47	0.19	0.5	0	0.49	0.22	ME1
YIG3_YEAST	0.34	0.24	0.51	0.15	0.5	0	0.54	0.4	NUC
TCTP_YEAST	0.47	0.38	0.58	0.19	0.5	0	0.57	0.22	CYT
RL13_YEAST	0.38	0.48	0.57	0.3	0.5	0	0.41	0.11	CYT
R29A_YEAST	0.38	0.32	0.64	0.41	0.5	0	0.44	0.11	CYT
NA	NA	NA	NA	NA	NA	NA	NA	NA	NA
ABF2_YEAST	0.55	0.5	0.66	0.36	0.5	0	0.49	0.22	MIT
ACT5_YEAST	0.5	0.34	0.55	0.21	0.5	0	0.49	0.22	NUC
KAD2_YEAST	0.63	0.67	0.57	0.24	0.5	0	0.49	0.22	MIT
DHA1_YEAST	0.59	0.53	0.43	0.44	0.5	0	0.5	0.22	MIT
APE3_YEAST	0.74	0.57	0.51	0.28	0.5	0	0.58	0.22	VAC
ARLY_YEAST	0.38	0.49	0.53	0.19	0.5	0	0.5	0.22	CYT
CHMU_YEAST	0.47	0.39	0.59	0.15	0.5	0	0.57	0.22	CYT
ATPE_YEAST	0.63	0.57	0.59	0.4	0.5	0	0.38	0.22	MIT
BAS1_YEAST	0.5	0.52	0.59	0.3	0.5	0	0.51	0.35	NUC
YMC4_YEAST	0.78	0.75	0.4	0.28	0.5	0	0.53	0.22	MIT
ARGI_YEAST	0.65	0.65	0.52	0.16	0.5	0	0.6	0.22	CYT
CBP4_YEAST	0.35	0.52	0.48	0.22	0.5	0	0.26	0.22	MIT
CCR4_YEAST	0.53	0.51	0.55	0.05	0.5	0	0.45	0.25	NUC
CDC3_YEAST	0.29	0.32	0.58	0.15	0.5	0	0.5	0.3	CYT
RFC1_YEAST	0.26	0.36	0.47	0.34	0.5	0	0.53	0.72	NUC
MCE1_YEAST	0.49	0.47	0.53	0.16	0.5	0	0.48	0.27	NUC
CHS2_YEAST	0.39	0.42	0.38	0.4	0.5	0	0.49	0.47	ME3
KC2C_YEAST	0.38	0.37	0.56	0.21	0.5	0	0.49	0.22	NUC
P2B2_YEAST	0.59	0.5	0.52	0.28	0.5	0	0.55	0.25	CYT
COX1_YEAST	0.72	0.61	0.37	0.3	0.5	0	0.57	0.22	MIT
COXB_YEAST	0.5	0.41	0.44	0.5	0.5	0	0.42	0.22	MIT
CYPR_YEAST	0.73	0.83	0.43	0.3	0.5	0	0.55	0.22	ME1
CSG2_YEAST	0.69	0.61	0.38	0.27	0.5	0	0.52	0.22	ME2
CYB2_YEAST	0.53	0.44	0.51	0.33	0.5	0	0.52	0.22	MIT
DAL4_YEAST	0.55	0.42	0.34	0.3	0.5	0	0.52	0.22	ME3
DBP2_YEAST	0.23	0.2	0.53	0.2	0.5	0	0.44	0.22	NUC
DPB3_YEAST	0.53	0.61	0.52	0.21	0.5	0	0.55	0.3	NUC
EF2_YEAST	0.52	0.54	0.5	0.21	0.5	0	0.48	0.3	CYT
ERG1_YEAST	0.58	0.6	0.43	0.12	0.5	0	0.55	0.22	ME3
ERG7_YEAST	0.34	0.38	0.45	0.19	0.5	0	0.51	0.22	ME2
FAS1_YEAST	0.57	0.61	0.45	0.26	0.5	0	0.5	0.22	CYT
FLO1_YEAST	0.81	0.82	0.41	0.36	0.5	0	0.39	0.22	EXC
SYFB_YEAST	0.47	0.47	0.58	0.16	0.5	0	0.49	0.28	CYT
GALX_YEAST	0.62	0.58	0.52	0.15	0.5	0	0.52	0.29	CYT
E2BG_YEAST	0.45	0.42	0.52	0.2	0.5	0	0.5	0.25	CYT
GCR1_YEAST	0.27	0.51	0.47	0.35	0.5	0	0.49	0.28	NUC
GFA1_YEAST	0.52	0.51	0.51	0.12	0.5	0	0.51	0.4	CYT
GOG5_YEAST	0.69	0.48	0.38	0.15	0.5	0	0.55	0.22	ME2
UGS2_YEAST	0.58	0.41	0.51	0.26	0.5	0	0.51	0.37	CYT
HDF1_YEAST	0.43	0.42	0.54	0.22	0.5	0	0.57	0.33	NUC
H3_YEAST	0.39	0.39	0.55	0.52	0.5	0	0.37	0.16	NUC
MTA1_YEAST	0.49	0.37	0.59	0.17	0.5	0	0.51	0.22	NUC
CH10_YEAST	0.55	0.53	0.56	0.29	0.5	0	0.48	0.22	MIT
H2B2_YEAST	0.34	0.34	0.61	0.18	0.5	0	0.52	0.32	NUC
HXT7_YEAST	0.45	0.57	0.3	0.17	0.5	0	0.51	0.22	ME3
ILVB_YEAST	0.45	0.59	0.53	0.74	0.5	0	0.47	0.25	MIT
IRA1_YEAST	0.47	0.59	0.43	0.13	0.5	0	0.56	0.3	ME3
YJ16_YEAST	0.5	0.45	0.49	0.3	0.5	0	0.47	0.4	NUC
GR78_YEAST	0.85	0.56	0.33	0.38	1	0	0.55	0.25	ERL
KIN2_YEAST	0.36	0.35	0.47	0.22	0.5	0	0.44	0.31	ME3
KRE9_YEAST	0.87	0.83	0.57	0.36	0.5	0	0.36	0.22	EXC
AMPL_YEAST	0.42	0.32	0.48	0.16	0.5	0	0.55	0.22	VAC
LIP5_YEAST	0.68	0.5	0.55	0.65	0.5	0	0.46	0.31	MIT
MK11_YEAST	0.78	0.48	0.47	0.3	0.5	0	0.53	0.47	ME2
MPP1_YEAST	0.47	0.54	0.54	0.48	0.5	0	0.53	0.26	MIT
MDHP_YEAST	0.68	0.58	0.51	0.19	0.5	0.83	0.54	0.22	POX
AGAL_YEAST	0.68	0.68	0.49	0.15	0.5	0	0.53	0.22	EXC
MFA2_YEAST	0.46	0.42	0.6	0.21	0.5	0	0.4	0.22	EXC
MPCP_YEAST	0.6	0.59	0.45	0.23	0.5	0	0.55	0.22	MIT
MPI1_YEAST	0.4	0.68	0.5	0.82	0.5	0	0.44	0.36	MIT
RM49_YEAST	0.5	0.46	0.64	0.36	0.5	0	0.49	0.22	MIT
RM33_YEAST	0.57	0.58	0.58	0.35	0.5	0	0.49	0.22	MIT
RT05_YEAST	0.38	0.54	0.54	0.41	0.5	0	0.51	0.22	MIT
MSH2_YEAST	0.32	0.45	0.44	0.2	0.5	0	0.55	0.33	NUC
MSS1_YEAST	0.58	0.57	0.54	0.69	0.5	0	0.54	0.22	MIT
MYS1_YEAST	0.58	0.38	0.4	0.21	0.5	0	0.5	0.22	CYT
NAB3_YEAST	0.42	0.28	0.57	0.18	0.5	0	0.42	0.22	NUC
CB31_YEAST	0.48	0.62	0.52	0.3	0.5	0	0.51	0.37	NUC
NMD2_YEAST	0.36	0.3	0.5	0.19	0.5	0	0.55	0.3	NUC
NUC1_YEAST	0.75	0.67	0.51	0.29	0.5	0	0.52	0.36	MIT
OCH1_YEAST	0.83	0.57	0.42	0.57	0.5	0	0.5	0.32	ME2
YM38_YEAST	0.39	0.28	0.54	0.14	0.5	0	0.59	0.22	MIT
PAS7_YEAST	0.5	0.51	0.57	0.27	0.5	0	0.48	0.22	POX
CNA2_YEAST	0.39	0.58	0.5	0.1	0.5	0	0.51	0.25	CYT
CARP_YEAST	0.8	0.82	0.57	0.26	0.5	0	0.57	0.27	VAC
PT91_YEAST	0.59	0.45	0.58	0.21	0.5	0	0.49	0.22	MIT
PGK_YEAST	0.48	0.42	0.48	0.19	0.5	0	0.58	0.22	CYT
PPB_YEAST	0.39	0.81	0.35	0.28	0.5	0	0.51	0.45	ME3
H150_YEAST	0.74	0.71	0.52	0.3	0.5	0	0.27	0.22	EXC
ATC1_YEAST	0.44	0.43	0.34	0.21	0.5	0	0.55	0.4	ME3
PCNA_YEAST	0.49	0.71	0.54	0.13	0.5	0	0.58	0.22	NUC
PRTB_YEAST	0.75	0.69	0.48	0.13	0.5	0	0.57	0.4	VAC
PRI2_YEAST	0.45	0.48	0.56	0.56	0.5	0	0.47	0.22	NUC
PR38_YEAST	0.52	0.37	0.48	0.13	0.5	0	0.55	0.22	NUC
PRC9_YEAST	0.48	0.56	0.49	0.32	0.5	0	0.5	0.22	CYT
PRCZ_YEAST	0.48	0.48	0.56	0.18	0.5	0	0.58	0.22	CYT
UCR6_YEAST	0.64	0.53	0.59	0.14	0.5	0	0.53	0.22	MIT
RA23_YEAST	0.43	0.48	0.53	0.18	0.5	0	0.46	0.22	NUC
RA57_YEAST	0.41	0.52	0.56	0.26	0.5	0	0.48	0.32	NUC
RAT1_YEAST	0.53	0.46	0.54	0.37	0.5	0	0.51	0.3	NUC
RFA2_YEAST	0.46	0.41	0.58	0.1	0.5	0	0.48	0.22	NUC
RIM1_YEAST	0.55	0.38	0.64	0.42	0.5	0	0.47	0.22	MIT
RS3A_YEAST	0.38	0.4	0.59	0.25	0.5	0	0.44	0.22	CYT
RPA9_YEAST	0.72	0.51	0.52	0.08	0.5	0	0.54	0.22	NUC
RPB6_YEAST	0.27	0.31	0.55	0.13	0.5	0	0.5	0.22	NUC
RPC4_YEAST	0.36	0.49	0.55	0.21	0.5	0	0.55	0.33	NUC
RL16_YEAST	0.61	0.53	0.59	0.17	0.5	0	0.44	0.28	CYT
RL2_YEAST	0.63	0.64	0.45	0.26	0.5	0	0.43	0.22	CYT
RL46_YEAST	0.43	0.22	0.79	0.79	0.5	0	0.22	0	CYT
RLA2_YEAST	0.69	0.54	0.55	0.23	0.5	0	0.73	0.22	CYT
RS41_YEAST	0.32	0.44	0.54	0.21	0.5	0	0.4	0.19	CYT
RS28_YEAST	0.38	0.5	0.52	0.44	0.5	0	0.54	0.11	CYT
RRN6_YEAST	0.6	0.57	0.52	0.14	0.5	0	0.46	0.48	NUC
SC25_YEAST	0.5	0.48	0.48	0.23	0.5	0	0.53	0.68	CYT
SDHL_YEAST	0.46	0.42	0.51	0.16	0.5	0	0.56	0.22	CYT
SC20_YEAST	0.46	0.47	0.44	0.18	1	0	0.46	0.22	ME2
NPL1_YEAST	0.65	0.66	0.37	0.12	0.5	0	0.52	0.27	ME3
SED5_YEAST	0.42	0.28	0.33	0.23	0.5	0	0.39	0.26	ME3
GLYC_YEAST	0.53	0.49	0.47	0.21	0.5	0	0.53	0.22	CYT
SIR4_YEAST	0.33	0.42	0.55	0.23	0.5	0	0.52	0.43	NUC
SLN1_YEAST	0.52	0.65	0.36	0.37	0.5	0	0.52	0.34	ME3
SMY2_YEAST	0.6	0.64	0.56	0.36	0.5	0	0.46	0.27	CYT
SNP2_YEAST	0.51	0.5	0.54	0.11	0.5	0	0.6	0.22	NUC
SPA2_YEAST	0.5	0.45	0.51	0.19	0.5	0	0.53	0.25	CYT
TF2D_YEAST	0.37	0.29	0.45	0.15	0.5	0	0.49	0.22	NUC
SRB2_YEAST	0.49	0.48	0.51	0.21	0.5	0	0.53	0.22	NUC
SR54_YEAST	0.5	0.52	0.51	0.22	0.5	0	0.46	0.37	CYT
SSB1_YEAST	0.44	0.39	0.63	0.11	0.5	0	0.49	0.26	NUC
AMYH_YEAST	0.83	0.81	0.45	0.38	0.5	0	0.4	0.26	EXC
STE6_YEAST	0.46	0.61	0.38	0.35	0.5	0	0.49	0.22	ME3
INV2_YEAST	0.74	0.82	0.46	0.24	0.5	0	0.48	0.22	EXC
RS11_YEAST	0.38	0.34	0.55	0.44	0.5	0	0.48	0.26	CYT
VAL1_YEAST	0.31	0.4	0.31	0.17	0.5	0	0.52	0.22	ME3
G3P2_YEAST	0.57	0.35	0.5	0.43	0.5	0	0.53	0.22	CYT
TFB1_YEAST	0.63	0.58	0.57	0.1	0.5	0	0.52	0.33	NUC
IF4A_YEAST	0.38	0.42	0.5	0.19	0.5	0	0.44	0.22	CYT
SRP2_YEAST	0.8	0.83	0.43	0.24	0.5	0	0.54	0.22	ME1
TPIS_YEAST	0.44	0.49	0.49	0.27	0.5	0	0.52	0.22	CYT
TRK2_YEAST	0.59	0.48	0.41	0.53	0.5	0	0.48	0.56	ME3
TSM1_YEAST	0.5	0.5	0.48	0.34	0.5	0	0.52	0.27	NUC
UBA1_YEAST	0.52	0.51	0.48	0.12	0.5	0	0.54	0.31	CYT
UBR1_YEAST	0.42	0.46	0.44	0.17	0.5	0	0.51	0.42	CYT
RSU2_YEAST	0.54	0.35	0.55	0.19	0.5	0	0.3	0.22	CYT
VATE_YEAST	0.6	0.37	0.52	0.15	0.5	0	0.55	0.26	VAC
VP17_YEAST	0.25	0.4	0.54	0.16	0.5	0	0.43	0.22	CYT
YAB8_YEAST	0.69	0.66	0.36	0.09	0.5	0	0.56	0.22	ME1
AP19_YEAST	0.5	0.47	0.56	0.31	0.5	0	0.56	0.26	CYT
RL3P_YEAST	0.24	0.25	0.57	0.28	0.5	0	0.51	0.11	CYT
YB54_YEAST	0.4	0.4	0.43	0.19	0.5	0.83	0.48	0.22	POX
YCD8_YEAST	0.3	0.68	0.41	0.17	0.5	0	0.51	0.22	ME3
YCV1_YEAST	0.75	0.73	0.35	0.33	0.5	0	0.49	0.28	ME1
YE14_YEAST	0.4	0.4	0.44	0.37	0.5	0	0.53	0.25	NUC
YHF0_YEAST	0.5	0.63	0.45	0.13	0.5	0	0.45	0.32	ME3
YHT3_YEAST	0.49	0.55	0.35	0.23	0.5	0	0.57	0.22	ME3
YIN0_YEAST	0.35	0.29	0.46	0.14	0.5	0	0.54	0.66	NUC
PMT_YEAST	0.5	0.61	0.44	0.2	0.5	0	0.49	0.22	MIT
YMC1_YEAST	0.39	0.58	0.47	0.18	0.5	0	0.48	0.22	MIT
R29B_YEAST	0.38	0.4	0.66	0.35	0.5	0	0.43	0.11	CYT
NA	NA	NA	NA	NA	NA	NA	NA	NA	NA
ABP1_YEAST	0.4	0.39	0.6	0.15	0.5	0	0.58	0.3	CYT
ADA2_YEAST	0.61	0.6	0.55	0.21	0.5	0	0.5	0.25	NUC
ADP1_YEAST	0.8	0.88	0.36	0.39	0.5	0	0.56	0.33	ME1
DHA2_YEAST	0.57	0.53	0.53	0.34	0.5	0	0.53	0.22	MIT
ALP1_YEAST	0.42	0.24	0.34	0.16	0.5	0	0.5	0.22	ME3
AR56_YEAST	0.45	0.58	0.48	0.67	0.5	0	0.52	0.22	MIT
ASG2_YEAST	0.81	0.85	0.47	0.37	0.5	0	0.56	0.22	EXC
ATPB_YEAST	0.43	0.57	0.51	0.49	0.5	0	0.48	0.22	MIT
BCK1_YEAST	0.42	0.47	0.52	0.41	0.5	0	0.53	0.32	CYT
BIK1_YEAST	0.64	0.57	0.57	0.27	0.5	0	0.37	0.22	CYT
OAT_YEAST	0.27	0.6	0.48	0.23	0.5	0	0.55	0.22	CYT
CBP6_YEAST	0.47	0.41	0.66	0.26	0.5	0	0.53	0.22	MIT
CTPT_YEAST	0.41	0.4	0.59	0.47	0.5	0	0.48	0.43	CYT
CC31_YEAST	0.47	0.32	0.64	0.3	0.5	0	0.63	0.22	NUC
CC46_YEAST	0.51	0.34	0.5	0.19	0.5	0	0.5	0.22	NUC
CEM1_YEAST	0.71	0.59	0.48	0.43	0.5	0	0.59	0.22	MIT
CHS3_YEAST	0.26	0.44	0.3	0.11	0.5	0	0.51	0.47	ME3
KICH_YEAST	0.39	0.4	0.53	0.67	0.5	0	0.47	0.22	CYT
CALB_YEAST	0.37	0.42	0.51	0.11	0.5	0	0.57	0.22	CYT
COXX_YEAST	0.46	0.43	0.38	0.33	0.5	0	0.48	0.28	MIT
COX6_YEAST	0.5	0.4	0.56	0.7	0.5	0	0.5	0.22	MIT
CYPD_YEAST	0.78	0.74	0.58	0.25	1	0	0.53	0.22	ERL
CATA_YEAST	0.37	0.53	0.6	0.19	0.5	0.5	0.42	0.22	POX
CYC1_YEAST	0.46	0.54	0.71	0.15	0.5	0	0.59	0.22	MIT
DAL5_YEAST	0.34	0.42	0.3	0.23	0.5	0	0.53	0.22	ME3
DBR1_YEAST	0.55	0.54	0.56	0.22	0.5	0	0.5	0.37	NUC
DPM1_YEAST	0.54	0.42	0.41	0.16	0.5	0	0.52	0.22	ME2
EGD1_YEAST	0.35	0.39	0.57	0.11	0.5	0	0.48	0.22	NUC
THIL_YEAST	0.54	0.65	0.49	0.34	0.5	0	0.52	0.22	CYT
ERG8_YEAST	0.62	0.58	0.46	0.13	0.5	0	0.53	0.22	CYT
FAS2_YEAST	0.63	0.62	0.42	0.12	0.5	0	0.52	0.25	CYT
FOX2_YEAST	0.69	0.6	0.51	0.13	0.5	0.83	0.52	0.22	POX
FUMH_YEAST	0.41	0.39	0.51	0.52	0.5	0	0.49	0.22	CYT
GALY_YEAST	0.56	0.59	0.53	0.16	0.5	0	0.24	0.42	NUC
IF2G_YEAST	0.51	0.35	0.46	0.15	0.5	0	0.51	0.42	CYT
GCR2_YEAST	0.54	0.56	0.57	0.18	0.5	0	0.45	0.25	NUC
GLGB_YEAST	0.49	0.43	0.48	0.15	0.5	0	0.55	0.25	CYT
GBA1_YEAST	0.3	0.5	0.47	0.11	0.5	0	0.46	0.22	CYT
GTS1_YEAST	0.41	0.6	0.53	0.29	0.5	0	0.47	0.43	NUC
HEM1_YEAST	0.57	0.59	0.5	0.58	0.5	0	0.53	0.22	MIT
H3_YEAST	0.39	0.39	0.55	0.52	0.5	0	0.37	0.16	NUC
MAT2_YEAST	0.51	0.48	0.58	0.22	0.5	0	0.5	0.28	NUC
H104_YEAST	0.66	0.62	0.52	0.17	0.5	0	0.49	0.22	CYT
SYH_YEAST	0.51	0.68	0.49	0.59	0.5	0	0.54	0.27	MIT
HXT8_YEAST	0.42	0.44	0.33	0.17	0.5	0	0.54	0.27	ME3
ILV5_YEAST	0.57	0.61	0.55	0.67	0.5	0	0.48	0.22	MIT
IRA2_YEAST	0.4	0.45	0.42	0.17	0.5	0	0.54	0.26	ME3
ACOX_YEAST	0.46	0.41	0.5	0.44	0.5	0	0.53	0.22	MIT
KAR3_YEAST	0.34	0.31	0.6	0.37	0.5	0	0.5	0.3	NUC
KI28_YEAST	0.57	0.49	0.48	0.16	0.5	0	0.51	0.22	NUC
SYKC_YEAST	0.43	0.45	0.54	0.14	0.5	0	0.5	0.31	CYT
LAS1_YEAST	0.43	0.38	0.51	0.24	0.5	0	0.46	0.33	NUC
LOS1_YEAST	0.53	0.44	0.47	0.22	0.5	0	0.53	0.22	NUC
MK16_YEAST	0.49	0.62	0.65	0.18	0.5	0	0.46	0.43	NUC
OM20_YEAST	0.72	0.58	0.42	0.28	0.5	0	0.48	0.22	MIT
MDJ1_YEAST	0.4	0.52	0.53	0.52	0.5	0	0.51	0.22	MIT
MEP1_YEAST	0.47	0.6	0.35	0.21	0.5	0	0.52	0.22	ME3
MFA3_YEAST	0.8	0.81	0.55	0.35	0.5	0	0.42	0.22	EXC
C1TM_YEAST	0.45	0.73	0.47	0.65	0.5	0	0.54	0.43	MIT
MPI2_YEAST	0.59	0.57	0.43	0.26	0.5	0	0.51	0.22	MIT
RM02_YEAST	0.6	0.51	0.6	0.38	0.5	0.83	0.52	0.24	MIT
RM36_YEAST	0.64	0.64	0.56	0.21	0.5	0	0.5	0.22	MIT
RT09_YEAST	0.58	0.53	0.5	0.53	0.5	0	0.47	0.31	MIT
MSH3_YEAST	0.51	0.6	0.51	0.26	0.5	0	0.54	0.22	NUC
MS16_YEAST	0.61	0.59	0.47	0.49	0.5	0	0.54	0.22	MIT
MYS2_YEAST	0.53	0.41	0.5	0.24	1	0	0.47	0.22	CYT
NAM1_YEAST	0.51	0.46	0.54	0.41	0.5	0	0.53	0.22	MIT
NDI1_YEAST	0.53	0.61	0.51	0.49	0.5	0	0.54	0.27	MIT
NMT_YEAST	0.49	0.44	0.51	0.18	0.5	0	0.52	0.27	CYT
RNC1_YEAST	0.47	0.47	0.5	0.15	0.5	0	0.5	0.48	NUC
ACO1_YEAST	0.43	0.38	0.38	0.12	0.5	0	0.5	0.22	ME2
YINO_YEAST	0.76	0.67	0.37	0.22	0.5	0	0.54	0.22	ME2
IPB2_YEAST	0.45	0.46	0.61	0.2	0.5	0	0.62	0.22	CYT
PDI_YEAST	0.7	0.84	0.49	0.28	1	0	0.58	0.22	ERL
END1_YEAST	0.46	0.49	0.45	0.28	0.5	0	0.55	0.22	VAC
PT09_YEAST	0.48	0.52	0.49	0.35	0.5	0.5	0.51	0.22	MIT
PGM1_YEAST	0.43	0.45	0.53	0.19	0.5	0	0.56	0.22	CYT
PH80_YEAST	0.53	0.54	0.43	0.18	0.5	0	0.53	0.31	NUC
PIR3_YEAST	0.77	0.73	0.51	0.27	0.5	0	0.34	0.22	EXC
ATN1_YEAST	0.39	0.49	0.3	0.19	0.5	0	0.52	0.31	ME3
DPO4_YEAST	0.56	0.5	0.56	0.26	0.5	0	0.53	0.27	NUC
CBPY_YEAST	0.69	0.7	0.5	0.3	0.5	0	0.54	0.22	VAC
PROB_YEAST	0.56	0.48	0.5	0.17	0.5	0	0.51	0.26	CYT
PR39_YEAST	0.32	0.48	0.49	0.17	0.5	0	0.47	0.22	NUC
PRT1_YEAST	0.59	0.46	0.48	0.46	0.5	0	0.49	0.22	CYT
PUT1_YEAST	0.6	0.59	0.47	0.47	0.5	0	0.53	0.22	MIT
UCRQ_YEAST	0.57	0.6	0.54	0.17	0.5	0	0.52	0.22	MIT
RA26_YEAST	0.47	0.43	0.48	0.16	0.5	0	0.46	0.27	NUC
UBC2_YEAST	0.48	0.47	0.59	0.41	0.5	0	0.56	0.27	NUC
RCA1_YEAST	0.41	0.41	0.43	0.61	0.5	0	0.53	0.22	MIT
RFA3_YEAST	0.57	0.51	0.58	0.22	0.5	0	0.51	0.22	NUC
RIM2_YEAST	0.45	0.43	0.5	0.25	0.5	0	0.47	0.22	MIT
RS3B_YEAST	0.39	0.39	0.59	0.25	0.5	0	0.45	0.22	CYT
RPA2_YEAST	0.35	0.41	0.53	0.27	0.5	0	0.47	0.29	NUC
RPB7_YEAST	0.52	0.46	0.56	0.25	0.5	0	0.52	0.22	NUC
RPC3_YEAST	0.29	0.4	0.5	0.16	0.5	0	0.51	0.34	NUC
RL1A_YEAST	0.61	0.48	0.56	0.19	0.5	0	0.53	0.31	CYT
RL2_YEAST	0.63	0.64	0.45	0.26	0.5	0	0.43	0.22	CYT
RL41_YEAST	0.35	0.21	1	0.8	0.5	0	0.13	0.01	CYT
RLA3_YEAST	0.73	0.6	0.47	0.2	0.5	0	0.72	0.22	CYT
RS41_YEAST	0.32	0.44	0.54	0.21	0.5	0	0.4	0.19	CYT
RS28_YEAST	0.38	0.5	0.52	0.44	0.5	0	0.54	0.11	CYT
RRN7_YEAST	0.42	0.38	0.52	0.29	0.5	0	0.42	0.22	NUC
SCJ1_YEAST	0.39	1	0.38	0.41	0.5	0	0.5	0.27	MIT
SEC1_YEAST	0.6	0.51	0.49	0.18	0.5	0	0.53	0.38	CYT
SC21_YEAST	0.44	0.71	0.5	0.21	0.5	0	0.54	0.27	CYT
SC65_YEAST	0.41	0.4	0.56	0.17	0.5	0	0.56	0.22	CYT
SEN1_YEAST	0.47	0.37	0.46	0.28	0.5	0	0.52	0.99	NUC
SHR3_YEAST	0.7	0.57	0.34	0.19	0.5	0	0.53	0.27	ME2
SIS1_YEAST	0.56	0.55	0.57	0.15	0.5	0	0.54	0.25	CYT
SLU7_YEAST	0.19	0.16	0.68	0.36	0.5	0	0.49	0.21	NUC
SNC1_YEAST	0.27	0.41	0.24	0.2	0.5	0	0.49	0.22	ME3
YBC6_YEAST	0.54	0.6	0.57	0.17	0.5	0	0.44	0.22	NUC
SPB4_YEAST	0.57	0.55	0.51	0.18	0.5	0	0.51	0.43	NUC
SPT2_YEAST	0.37	0.48	0.67	0.37	0.5	0	0.56	0.62	NUC
SRB4_YEAST	0.49	0.6	0.42	0.18	0.5	0	0.58	0.28	NUC
SR68_YEAST	0.62	0.33	0.49	0.24	0.5	0	0.51	0.42	CYT
HS77_YEAST	0.51	0.5	0.49	0.45	0.5	0	0.48	0.22	MIT
ST12_YEAST	0.38	0.51	0.56	0.21	0.5	0	0.48	0.31	NUC
STF1_YEAST	0.55	0.41	0.67	0.61	0.5	0	0.49	0.14	MIT
INV4_YEAST	0.75	0.76	0.58	0.22	0.5	0	0.49	0.22	EXC
SUV3_YEAST	0.61	0.54	0.54	0.38	0.5	0	0.54	0.29	MIT
TBF1_YEAST	0.44	0.65	0.49	0.16	0.5	0	0.48	0.31	NUC
G3P3_YEAST	0.61	0.52	0.5	0.44	0.5	0	0.53	0.22	CYT
TFC1_YEAST	0.54	0.67	0.56	0.15	0.5	0	0.57	0.33	NUC
TIF3_YEAST	0.47	0.56	0.58	0.19	0.5	0	0.44	0.64	CYT
TKT1_YEAST	0.58	0.55	0.51	0.13	0.5	0	0.52	0.22	CYT
KAPA_YEAST	0.25	0.26	0.53	0.17	0.5	0	0.45	0.22	CYT
TRNL_YEAST	0.49	0.38	0.49	0.15	0.5	0	0.53	0.25	NUC
TTP1_YEAST	0.79	0.62	0.35	0.35	0.5	0	0.6	0.28	ME2
UBC1_YEAST	0.56	0.46	0.51	0.25	0.5	0	0.54	0.22	CYT
UGA3_YEAST	0.49	0.36	0.47	0.28	0.5	0	0.56	0.54	NUC
USO1_YEAST	0.5	0.47	0.45	0.14	0.5	0	0.53	0.32	ME3
VATC_YEAST	0.64	0.61	0.56	0.15	0.5	0	0.54	0.22	VAC
YP51_YEAST	0.63	0.56	0.52	0.21	0.5	0	0.5	0.22	CYT
YAB9_YEAST	0.4	0.45	0.45	0.15	0.5	0	0.53	0.48	NUC
YAP3_YEAST	0.71	0.79	0.41	0.38	0.5	0	0.54	0.22	ME1
MRF1_YEAST	0.46	0.61	0.55	0.29	0.5	0	0.49	0.22	MIT
YB72_YEAST	0.57	0.52	0.46	0.2	0.5	0.83	0.52	0.41	POX
YCG9_YEAST	0.74	0.73	0.32	0.2	0.5	0	0.55	0.22	ME1
YCW2_YEAST	0.54	0.54	0.56	0.18	0.5	0	0.46	0.29	NUC
YGL1_YEAST	0.38	0.56	0.38	0.16	0.5	0	0.53	0.22	ME3
YHG2_YEAST	0.2	0.6	0.5	0.29	0.5	0	0.51	0.22	ME3
YHU0_YEAST	0.63	0.71	0.44	0.53	0.5	0	0.52	0.22	ME2
YIN4_YEAST	0.58	0.67	0.49	0.16	0.5	0	0.47	0.28	MIT
YKM9_YEAST	0.41	0.45	0.46	0.23	0.5	0	0.5	0.7	CYT
YMC2_YEAST	0.38	0.47	0.47	0.18	0.5	0	0.44	0.26	MIT
YUR1_YEAST	0.81	0.62	0.43	0.17	0.5	0	0.53	0.22	ME2
NA	NA	NA	NA	NA	NA	NA	NA	NA	NA
